video_id,channel_id,channel_title,published_at
ZjRd0FicxWo,UCwbI9_kO6r8zTA5O_nksLaQ,Mighty Monk,2023-08-01T15:08:52Z
Znmpa-Ymqpw,UCGs-yDFkfHDbeQcApWkTtxg,TV7 Israel News,2023-08-01T18:15:02Z
WJVDWzvW7Lo,UChLtXXpo4Ge1ReTEboVvTDg,Global News,2023-08-01T20:53:52Z
WG1XIm-focI,UC2XvIdi-Tvf_io2LJ4wRMyQ,Emily Schrader - אמילי שריידר,2023-08-02T13:22:09Z
IA3FoRotnfA,UCHLGbsJfUgIAr9xlnsihRlA,অপরাধ,2023-08-04T12:06:39Z
WyVFDuX5IrE,UCNye-wNBqNL5ZzHSJj3l8Bg,Al Jazeera English,2023-08-04T19:04:55Z
ltU335St7OA,UCHTK-2W11Vh1V4uwofOfR4w,AP Archive,2023-08-06T14:32:50Z
Gh-TR7ITqM4,UChqUTb7kYRX8-EiaN3XFrSQ,Reuters,2023-08-06T23:54:22Z
8EsM96K7LLA,UC_gUM8rL-Lrg6O3adPW9K1g,WION,2023-08-07T02:26:21Z
mLd28us1OW0,UC1KSARXKqX5UT6ey6SpyBvg,WorldWide Top Ten,2023-08-08T00:28:59Z
l2soosCHxHw,UCJX8Wn6opMsBng3QWh0dK6g,Middle East Monitor,2023-08-08T10:00:40Z
qOvNwtj6PKY,UC52X5wxOL_s5yw0dQk7NtgA,Associated Press,2023-08-08T10:03:00Z
Kasw3gh5I0k,UCaxIsKnhxr6bfaJFQc67-rg,ShanghaiEye魔都眼,2023-08-08T11:15:02Z
zqxt3NZftlA,UCtTSYCBRRUStmL2oQLaqbDQ,The New Arab,2023-08-11T12:12:58Z
vcMvQ_kuAuA,UCbubfi_HlR6Lcu-JU8rNn6A,OCHA occupied Palestinian territory,2023-08-11T13:58:25Z
z581dbGqr08,UCYI_ychRnL7sJrG6PUSBpQA,CBN News,2023-08-12T17:00:39Z
KgKH_WrT7yk,UCqySDfPcmKYq6oUeC03y57A,vanessa beeley,2023-08-13T09:52:39Z
n0w5PKdTB-0,UCRopJVryYP2fHxGK5MmTO3Q,KM OFFICIAL ,2023-08-13T10:46:21Z
yQJCYTh8TkU,UCGY9VoUWzVqcvLr_tuAji8w,Whole News Network,2023-08-13T12:52:36Z
e3azzl4gBH4,UCGY9VoUWzVqcvLr_tuAji8w,Whole News Network,2023-08-13T12:56:08Z
JOf_woeTH1s,UCR0fZh5SBxxMNYdg0VzRFkg,Middle East Eye,2023-08-13T14:39:42Z
X5kTB1lVVhY,UCwAAeOT_Yaw6wJKMQ9Kh0KA,The Arab Posts,2023-08-15T10:24:01Z
cJvD7OQcu9Q,UCGs-yDFkfHDbeQcApWkTtxg,TV7 Israel News,2023-08-15T17:00:32Z
wbyDIV40RcA,UC7fWeaHhqgM4Ry-RMpM2YYw,TRT World,2023-08-16T11:08:14Z
rGBChxvpztg,UCMIPMK4OSht83blKymplMSw,The Mind Bank,2023-08-16T22:00:28Z
zgoJi7dEIvg,UC86dbj-lbDks_hZ5gRKL49Q,AFP News Agency,2023-08-17T10:10:01Z
3VoU737iS70,UCGQzgBuTo2X23erzfq4ODQQ,قناة راجعين Rajeen tv,2023-08-17T11:17:58Z
6g4wT-hXdI4,UCOGUNqrdF-EEP9TdgzNUyfg,Choice Of people,2023-08-17T13:06:05Z
jBKfiNZrQWM,UCBJNhMl7fWUsg4p9RtqYohg,Reaction Mumbai,2023-08-17T13:30:16Z
HobtE37LZAA,UCQaEL2cqvySMoNT7223LXrg,askanews,2023-08-17T14:14:04Z
QeVLdmn9np0,UCeAFaeMibGdciRj3qnmSK9Q,World Factology,2023-08-21T06:30:07Z
3wpbdt1Wb1k,UCc9UUSOBWC6VCkJUqnh-CLw,MintPress News,2023-08-21T17:59:20Z
5p61bsTboOo,UCxb2M5GmklFJxkRbH3pGM4Q,HonestReporting,2023-08-21T18:27:19Z
cRjzvQkeoDg,UCHBDXQDmqnaqIEPdEapEFVQ,New China TV,2023-08-22T13:39:09Z
499i9zJEUHw,UCw8Fc5R0Q5yyS3KrDCPM3xg,Times Now World,2023-08-22T15:30:35Z
BjfdoxshRhc,UCR0fZh5SBxxMNYdg0VzRFkg,Middle East Eye,2023-08-22T16:50:32Z
XUFOsnC5QIw,UCHTK-2W11Vh1V4uwofOfR4w,AP Archive,2023-08-24T16:43:40Z
JSiyJxuqy4g,UCHTK-2W11Vh1V4uwofOfR4w,AP Archive,2023-08-24T17:18:31Z
X75QCWaAeHk,UC7fWeaHhqgM4Ry-RMpM2YYw,TRT World,2023-08-24T19:57:04Z
I8v5BCijWWU,UCHTK-2W11Vh1V4uwofOfR4w,AP Archive,2023-08-26T09:05:01Z
SRLol4A1q8c,UCHTK-2W11Vh1V4uwofOfR4w,AP Archive,2023-08-26T18:27:24Z
k1iMr0NzFf0,UCGwO43-vnmkQ2i1v886JjVw,Casual Historian,2023-08-27T16:01:43Z
C8Fjtca7ovk,UCoS-mm5bC5eY07AaKntKzgw,Human Rights Watch,2023-08-28T14:58:50Z
ekoqH4AysVg,UCR0fZh5SBxxMNYdg0VzRFkg,Middle East Eye,2023-08-29T12:24:08Z
5qV3d9QJ3Us,UCN7B-QD0Qgn2boVH5Q0pOWg,BBC News Hindi,2023-08-30T07:01:36Z
TFDR6KHc_8Y,UCvHDpsWKADrDia0c99X37vg,i24NEWS English,2023-08-30T11:36:29Z
qhomuKhVnEw,UC3prwMn9aU2z5Y158ZdGyyA,CRUX,2023-08-30T19:00:23Z
9pcCXGnzm6E,UCteJyc9i9HJEwZMxPjcz7ag,Saqib Tanveer,2023-08-31T14:25:55Z
RJLSwZb1gzE,UCYfgSNRYfyO2cVwgYDKkpAQ,Trey Yingst,2023-08-31T19:38:40Z
BmJSjgcFa4w,UCHTK-2W11Vh1V4uwofOfR4w,AP Archive,2023-09-01T09:49:11Z
1tFt128kTqo,UCMYCRh11fCe_lV4ZvPB2pzw,YuviVerse,2023-09-01T13:00:07Z
0lrpDYQmswk,UCw8Fc5R0Q5yyS3KrDCPM3xg,Times Now World,2023-09-01T17:13:54Z
v_DYlnW5IOQ,UC7fWeaHhqgM4Ry-RMpM2YYw,TRT World,2023-09-01T19:00:33Z
2dt74giJ3gk,UCj7IMmIPV-AhX95a1bzaecA,War Gaza ,2023-09-02T01:35:09Z
GWGPFSsBC3Q,UCmXb_WoW96ZXAY_0-YoWtlQ,Lil PR,2023-09-02T16:57:55Z
5X1f5I463Hc,UC2WsHJe1wsW0Anpx-IpiL_A,Jomotoday,2023-09-02T17:08:42Z
3joriiRrXSs,UCYJ7RipuEx2fseg6LvwLMbg,GET NEWS,2023-09-03T18:58:16Z
lDv7ZZgTOac,UCuYfSL9qGeQcwZ3khuy939A,Millions Info,2023-09-04T03:15:03Z
5UnvVlFoPMI,UCN72FjV-mKjktLiaiV3zzJw,Empire • World History,2023-09-04T13:02:04Z
h2hJ3SGKSWo,UCiMeiRC3AViQ6RffFvLrpaw,CSS Online with Nearpeer,2023-09-04T14:19:31Z
tcyya59K53o,UC-5e5CnbI5zVsDCL8v7lMxg,Humble Akh,2023-09-05T04:44:01Z
ke5K_13rEs4,UCHTK-2W11Vh1V4uwofOfR4w,AP Archive,2023-09-05T09:35:16Z
hJmLWbVG04Q,UCGs-yDFkfHDbeQcApWkTtxg,TV7 Israel News,2023-09-05T17:00:24Z
3QTrcMB4x4E,UCHTK-2W11Vh1V4uwofOfR4w,AP Archive,2023-09-05T18:20:25Z
oexx9typ7e0,UCYNmQ9W-0CYoW8a4thzxB0g,ישראל היום - Israel Hayom,2023-09-06T06:35:52Z
x_0FaxExbio,UCX51CbcWbctifS98HwFdlRA,Sarcastic Brit News,2023-09-06T12:33:37Z
T0n0GxIJJaE,UCkhUJFAKqCJs-HfYosfeo2g,ConJay,2023-09-06T15:16:46Z
957ANpGD9xA,UC7oQL6bXDLVlfRzeF8_KcGw,Mondoweiss,2023-09-07T12:13:07Z
i2kC07TTSb8,UCIZJ9a6P_nxCFJTmL0gh_IQ,Al Arabiya English,2023-09-10T10:45:19Z
eaS3CeFoSUs,UCJNPH8Pkf-AUDqcmGeNndig,רבנים לזכויות אדם | Rabbis for Human Rights,2023-09-12T07:43:38Z
hkelpt14Wq4,UCNye-wNBqNL5ZzHSJj3l8Bg,Al Jazeera English,2023-09-13T09:01:24Z
ODumg3ZwHQs,UCz8QaiQxApLq8sLNcszYyJw,Firstpost,2023-09-14T11:08:30Z
8b0od-2aOtc,UCpxNpXeI2awetEzoCopyULA,Historic Narratives,2023-09-15T19:58:28Z
WzoSKuu-KhY,UCw0y9zO1RXI6uEzoKbbnxTQ,AtlanticCouncil,2023-09-18T16:36:59Z
hUUL9c7hB7A,UCNye-wNBqNL5ZzHSJj3l8Bg,Al Jazeera English,2023-09-19T19:59:05Z
kiO0ftUp2jM,UCph-M7aQqpi1fW0BQwn7XUA,Anadolu English,2023-09-19T23:53:02Z
HwjBIJRgS_M,UC52X5wxOL_s5yw0dQk7NtgA,Associated Press,2023-09-20T05:28:14Z
5NVFlUgUiQI,UCNye-wNBqNL5ZzHSJj3l8Bg,Al Jazeera English,2023-09-20T07:18:28Z
McEetcVzMhY,UC64A-bbH15b5kN5A32CErOA,10 News,2023-09-20T08:03:42Z
63SwC13r584,UCNye-wNBqNL5ZzHSJj3l8Bg,Al Jazeera English,2023-09-20T09:51:49Z
1P2fjphDeGE,UC6XR9Dvz9peRnEZ8akF0ciA,See Tv Box,2023-09-20T10:36:13Z
wog9KqseufQ,UCSrZ3UV4jOidv8ppoVuvW9Q,euronews,2023-09-20T12:54:25Z
cVJ_1ICGbgI,UCz8QaiQxApLq8sLNcszYyJw,Firstpost,2023-09-20T15:11:10Z
BhsrpYKptVE,UC6goSe_YWcNbTAW59M9EyMg,ABN News (Australia),2023-09-20T16:04:58Z
4-rWG3FbfP0,UCR0fZh5SBxxMNYdg0VzRFkg,Middle East Eye,2023-09-20T16:32:31Z
7IPQWuguNt0,UC1WOnpV_-CQjXZa3-nrgk8Q,كريم ء,2023-09-20T19:14:44Z
XecVfkylzMo,UCMH_fCb-Mgpk_NZZGdwv_kg,🌍Top world news,2023-09-20T19:20:23Z
8NZNcxe2F0g,UCSvP0URW1CmkzkwdAsR9kXA,TANN,2023-09-20T21:20:20Z
dSLfqtAUvRQ,UCnuAB7DKMcph_v2Q4KAZvIg,ON THE Dai News,2023-09-21T03:30:52Z
ND8fI1F24c4,UCw8Fc5R0Q5yyS3KrDCPM3xg,Times Now World,2023-09-21T04:55:24Z
w0NxI44yBDM,UCIZJ9a6P_nxCFJTmL0gh_IQ,Al Arabiya English,2023-09-21T12:27:07Z
xeXB9lShzzI,UCg4RUJbMqbhhWCxlkj4xIAA,yplus,2023-09-21T16:03:04Z
p7-elybSvhg,UCimMr2ludbTZGnETTuUe28w,Biden Brief | 拜登简报,2023-09-21T19:16:35Z
DffllYdR8ME,UC0hXXVnhgr3lxmP46dmWmEA,ميغافون,2023-09-22T11:56:58Z
qd5zBgPYFjc,UCJQSgRsHBPaLwflsgmHFIzQ,BAZM TV,2023-09-22T18:13:11Z
5LHori8E3oA,UCGs-yDFkfHDbeQcApWkTtxg,TV7 Israel News,2023-09-23T13:00:05Z
l8arxdmMTc0,UCN7B-QD0Qgn2boVH5Q0pOWg,BBC News Hindi,2023-09-24T04:00:32Z
vGo8nCZ6uVc,UCO0akufu9MOzyz3nvGIXAAw,Sky News Australia,2023-09-24T04:37:48Z
8Oy6s9CEnek,UC7oQL6bXDLVlfRzeF8_KcGw,Mondoweiss,2023-09-24T14:00:28Z
xyqEzOerlVs,UChqUTb7kYRX8-EiaN3XFrSQ,Reuters,2023-09-24T15:43:18Z
UZbdw1jQZf4,UCVogAsASqbceBmQMi1WA39g,ARTE.tv Documentary,2023-09-24T16:03:00Z
sZxwiy10Wlg,UC6GXinpm3hSBu0kAlDAI0Yw,Politically Shorted,2023-09-24T19:07:18Z
LCFJFKJH3kE,UCNye-wNBqNL5ZzHSJj3l8Bg,Al Jazeera English,2023-09-25T04:56:39Z
I1URPFZTASc,UCHTK-2W11Vh1V4uwofOfR4w,AP Archive,2023-09-25T10:10:32Z
X3Zpso_q394,UCfYIETD7sW4bTKVFYXM0FWw,EASZ Tech Library,2023-09-25T13:38:22Z
RAXUJFvExCY,UCqpaEHfQD-lsTc2_glri47Q,helpkhom TV,2023-09-26T06:08:41Z
Z0ohXWZtMb8,UCHTK-2W11Vh1V4uwofOfR4w,AP Archive,2023-09-27T12:55:37Z
DwHEHtKGUfE,UCrdPiSPVW0rtRsI002BX8iw,Mojo Story,2023-10-07T07:04:34Z
rcnTFcQVwvs,UCoMdktPbSTixAyNGwb-UYkQ,Sky News,2023-10-07T08:37:49Z
Lk7lgndkOTg,UCawNWlihdgaycQpO3zi-jYg,Israel Defense Forces,2023-10-07T08:49:31Z
RDq-z7vNYEU,UCrdPiSPVW0rtRsI002BX8iw,Mojo Story,2023-10-07T10:01:54Z
JpFsqkMHcfI,UCMliswJ7oukCeW35GSayhRA,WSJ News,2023-10-07T10:11:50Z
efkpWzduv8s,UCBnQF4yu8du8ypDFnqUDlwA,4tv News Channel,2023-10-07T11:15:25Z
qBc-ebEDUMw,UCIvaYmXn910QMdemBG3v1pQ,Zee News,2023-10-07T11:20:40Z
hZKE_hVdp7w,UCef1-8eOpJgud7szVPlZQAQ,CNN-News18,2023-10-07T11:22:32Z
ok0pP9XP9h0,UCW9wm1w8PXB-rbaLvps5AIA,Rapture Revealed,2023-10-07T11:28:36Z
GAm2RAbAc-Y,UCIRYBXDze5krPDzAEOxFGVA,Guardian News,2023-10-07T11:58:25Z
_UPSU2dEJbM,UCoMdktPbSTixAyNGwb-UYkQ,Sky News,2023-10-07T12:20:32Z
KF5vPfqtJBM,UCPgLNge0xqQHWM5B5EFH9Cg,The Telegraph,2023-10-07T13:22:20Z
qgsL5elbRE0,UC7pluR6rB5KZIbN2IxamzxQ,BBC News Marathi,2023-10-07T13:31:00Z
Azs7As3MYFU,UC8URMa1fI4rlaLc-Lhev2fQ,Ryan McBeth,2023-10-07T15:25:52Z
t7yMbYnm8kw,UCDwIKguJQSkxFIwPzzGPALA,MARKET GURU FINANCIAL TRAINING CENTER,2023-10-07T15:27:58Z
aRLSKbVfHMw,UCK7tptUDHh-RYDsdxO1-5QQ,The Wall Street Journal,2023-10-07T17:29:52Z
BpCYb9zF0qU,UCF-VP3b3oH0XASqsLI5rnLw,Times News,2023-10-07T17:54:59Z
NUEjmv6VDrM,UCMliswJ7oukCeW35GSayhRA,WSJ News,2023-10-07T18:16:43Z
M6ggi1ZzzPY,UCR0fZh5SBxxMNYdg0VzRFkg,Middle East Eye,2023-10-07T18:50:40Z
c5tWYj_Y60w,UCupvZG-5ko_eiXAupbDfxWw,CNN,2023-10-07T19:18:12Z
gMA6DcHquEU,UCg40OxZ1GYh3u3jBntB6DLg,Forbes Breaking News,2023-10-07T19:38:49Z
ZFTK9V_mEjI,UCIRYBXDze5krPDzAEOxFGVA,Guardian News,2023-10-07T20:44:45Z
UqrNFzrsyU4,UCZFMm1mMw0F81Z37aaEzTUA,NDTV,2023-10-07T21:11:13Z
77ExflM_ZrA,UC52X5wxOL_s5yw0dQk7NtgA,Associated Press,2023-10-07T22:09:36Z
k2qRCgJ_TmY,UCckHqySbfy5FcPP6MD_S-Yg,Times Of India,2023-10-08T01:56:32Z
MPjPky-7KqE,UCMliswJ7oukCeW35GSayhRA,WSJ News,2023-10-08T02:51:46Z
CIwKnsE2v70,UCN7B-QD0Qgn2boVH5Q0pOWg,BBC News Hindi,2023-10-08T08:33:24Z
X5cCiMQa5D0,UCN7B-QD0Qgn2boVH5Q0pOWg,BBC News Hindi,2023-10-08T09:48:31Z
FRxO68sED00,UCN7B-QD0Qgn2boVH5Q0pOWg,BBC News Hindi,2023-10-08T10:53:50Z
Gw-vdw4JoPE,UCoMdktPbSTixAyNGwb-UYkQ,Sky News,2023-10-08T11:18:49Z
DwHI5PyoQmg,UCQfwfsi5VrQ8yKZ-UWmAEFg,FRANCE 24 English,2023-10-08T12:08:47Z
sswxe1DXrVg,UCvsQNWuGL4U76tzSawc7qug,Daily Dose,2023-10-08T14:39:07Z
udbeJ7i6Ruk,UChqUTb7kYRX8-EiaN3XFrSQ,Reuters,2023-10-08T15:05:54Z
1MQikGEq2sg,UCZFMm1mMw0F81Z37aaEzTUA,NDTV,2023-10-08T15:16:27Z
6zRp0VaaMDA,UCPgLNge0xqQHWM5B5EFH9Cg,The Telegraph,2023-10-08T15:30:06Z
j8TGW10jkCM,UCoMdktPbSTixAyNGwb-UYkQ,Sky News,2023-10-08T15:50:23Z
cZoxDem1uOo,UCupvZG-5ko_eiXAupbDfxWw,CNN,2023-10-08T16:36:08Z
1LzOnZoHLGY,UCTrQ7HXWRRxr7OsOtodr2_w,Channel 4 News,2023-10-08T16:59:13Z
LZd-VM-HFA4,UCNye-wNBqNL5ZzHSJj3l8Bg,Al Jazeera English,2023-10-08T18:21:30Z
Yt7gzj8lenE,UCoMdktPbSTixAyNGwb-UYkQ,Sky News,2023-10-08T19:43:22Z
uttFcxWSpKg,UC7fWeaHhqgM4Ry-RMpM2YYw,TRT World,2023-10-08T20:24:21Z
y5FEKwV07Hs,UC9CYT9gSNLevX5ey2_6CK0Q,NDTV India,2023-10-08T21:35:11Z
_45HVw5pEA8,UCoMdktPbSTixAyNGwb-UYkQ,Sky News,2023-10-08T21:36:52Z
FXrVtabZggI,UC16niRr50-MSBwiO3YDb3RA,BBC News,2023-10-08T22:46:23Z
PuTn9g-KfR0,UCTOoRgpHTjAQPk6Ak70u-pA,CNN 10,2023-10-08T23:11:31Z
UDJlnb-PBIw,UCtWWry0cgjWi9C0Ye9sh6og,news.com.au,2023-10-09T00:24:57Z
yJ7asbdsMyI,UCMliswJ7oukCeW35GSayhRA,WSJ News,2023-10-09T02:15:02Z
2L9cCCGgSEg,UChjd5M1K5Y3vQLgmIveZyzg,The Australian,2023-10-09T04:07:13Z
RuUhgixLjzY,UCrdPiSPVW0rtRsI002BX8iw,Mojo Story,2023-10-09T06:40:32Z
vk2SJ4rDbRQ,UCrC8mOqJQpoB7NuIMKIS6rQ,StudyIQ IAS,2023-10-09T07:25:00Z
zsNj8DiJv-A,UCVgO39Bk5sMo66-6o6Spn6Q,ABC News (Australia),2023-10-09T08:02:27Z
vK79VDAc2hw,UCIYLOcEUX6TbBo7HQVF2PKA,9 News Australia,2023-10-09T08:10:42Z
XYwO617Rq8o,UCIALMKvObZNtJ6AmdCLP7Lg,Bloomberg Television,2023-10-09T09:07:00Z
Ku45fOnfsJw,UC16niRr50-MSBwiO3YDb3RA,BBC News,2023-10-09T09:15:02Z
4uZGkjc3sUg,UCNye-wNBqNL5ZzHSJj3l8Bg,Al Jazeera English,2023-10-09T09:48:26Z
hlXEs_h4qHE,UCO0akufu9MOzyz3nvGIXAAw,Sky News Australia,2023-10-09T10:19:07Z
upelBcvvHWE,UCaPHWiExfUWaKsUtENLCv5w,Business Today,2023-10-09T12:30:35Z
3xrQDFXao1k,UC3oKOKlDjM93TKyKLSCOWSQ,alexplain,2023-10-09T12:41:31Z
4cbKGr9OlkI,UChqUTb7kYRX8-EiaN3XFrSQ,Reuters,2023-10-09T12:51:27Z
DfVPFLLi5Z8,UCCJRFl1Qjo83GG_09U-DIBA,Live Hindustan,2023-10-09T13:25:00Z
eHt9ofszOIE,UC16niRr50-MSBwiO3YDb3RA,BBC News,2023-10-09T14:37:48Z
QpzREBCyW7I,UCZQ_iFdc2XS3EDQVCftO_Yw,AlternativeGeopoliticsMapped,2023-10-09T15:04:56Z
VZ4ruk3KO48,UC16niRr50-MSBwiO3YDb3RA,BBC News,2023-10-09T15:30:07Z
7sHxRcebDzM,UC16niRr50-MSBwiO3YDb3RA,BBC News,2023-10-09T16:50:28Z
GUIQbVlNJF8,UCBu0KdNokE4MqdkacvH37_A,WFAA,2023-10-09T17:06:12Z
6yvY_cTTZIU,UC8p1vwvWtl6T73JiExfWs1g,CBS News,2023-10-09T17:52:59Z
pZbG778N2G8,UC-SJ6nODDmufqBzPBwCvYvQ,CBS Mornings,2023-10-09T18:02:46Z
FZPPcVvDEEE,UC-SJ6nODDmufqBzPBwCvYvQ,CBS Mornings,2023-10-09T18:04:55Z
eP5CxKWdndQ,UCz8QaiQxApLq8sLNcszYyJw,Firstpost,2023-10-09T18:07:08Z
4A0-znl7af8,UCzJXNzqz6VMHSNInQt_7q6w,Megyn Kelly,2023-10-09T18:27:15Z
RW105kjNtho,UC88lvyJe7aHZmcvzvubDFRg,Timeline - World History Documentaries,2023-10-09T20:00:07Z
gQRxLV2ctQE,UCoMdktPbSTixAyNGwb-UYkQ,Sky News,2023-10-09T21:01:45Z
vybLnsUjTag,UC52X5wxOL_s5yw0dQk7NtgA,Associated Press,2023-10-09T21:04:54Z
l9X1wF0c0UQ,UC9k-yiEpRHMNVOnOi_aQK8w,Inside Edition,2023-10-09T22:01:17Z
Zdq_kClkR1c,UCeY0bbntWzzVIaj2z3QigXg,NBC News,2023-10-09T22:15:02Z
qDBlh_vkJFA,UCZKNTgzf0VIUAIDpmXMOCpg,The France 24 Observers,2023-10-09T22:29:22Z
zdq3NVtT6Nc,UCupvZG-5ko_eiXAupbDfxWw,CNN,2023-10-09T22:30:10Z
NrSIwEOI_qs,UCeY0bbntWzzVIaj2z3QigXg,NBC News,2023-10-09T22:45:00Z
4RmXS_i9lEI,UCiKGMZZmZXK-RpbKJGXgH3Q,Access Hollywood,2023-10-09T23:09:12Z
6cibhyD2cfU,UC8p1vwvWtl6T73JiExfWs1g,CBS News,2023-10-10T01:05:34Z
R0WgWz9EdSU,UCKjU3KzdbJE1EFcHVqXC3_g,CBC News: The National,2023-10-10T02:00:12Z
kBf3jm8OKyo,UCO0akufu9MOzyz3nvGIXAAw,Sky News Australia,2023-10-10T04:39:27Z
HbvF9LtSgto,UC8M1gILoZ9OrooSiOXxCWXA,Nitish Rajput Shorts,2023-10-10T07:30:04Z
-mMqmrUI6bo,UCTrQ7HXWRRxr7OsOtodr2_w,Channel 4 News,2023-10-10T10:04:01Z
3z-huoK878s,UCqFa4yyIGrLcWdtI8DzwHEg,Tech Mugavari,2023-10-10T11:30:02Z
9scGFj7zp5w,UC16niRr50-MSBwiO3YDb3RA,BBC News,2023-10-10T12:15:06Z
hy8dNUHzApk,UCF-VP3b3oH0XASqsLI5rnLw,Times News,2023-10-10T12:32:31Z
ffRfIfGgjmw,UC-CSyyi47VX1lD9zyeABW3w,Dhruv Rathee,2023-10-10T13:44:31Z
_TDhHywnKCs,UCrC8mOqJQpoB7NuIMKIS6rQ,StudyIQ IAS,2023-10-10T15:15:02Z
eDdYhcHl2eI,UCJHk7NZyFnyphA_jfdK5rvA,Living Lchaim,2023-10-10T15:31:48Z
Qfb19HBvZrA,UCiinSjWS3E0vtAa3DCvp7iA,BreakThrough News,2023-10-10T15:33:08Z
DLlEMV7BuC4,UC3prwMn9aU2z5Y158ZdGyyA,CRUX,2023-10-10T15:41:25Z
Nv6DM1genQI,UCt4t-jeY85JegMlZ-E5UWtA,Aaj Tak,2023-10-10T15:46:08Z
ZGK9KbY5E3c,UCoMdktPbSTixAyNGwb-UYkQ,Sky News,2023-10-10T15:49:23Z
9xxKSk8SeFI,UCH7lEQtLPgyd_nLsCn_EOXg,Anurag Talks,2023-10-10T16:17:26Z
d5slJTFa-u8,UCNye-wNBqNL5ZzHSJj3l8Bg,Al Jazeera English,2023-10-10T16:42:36Z
jWSve6ENbdQ,UCeY0bbntWzzVIaj2z3QigXg,NBC News,2023-10-10T17:25:00Z
Xxb1a8k0O2I,UCHvGJ-eAV8krPgqofo65WYQ,Illustrate to Educate,2023-10-10T17:31:49Z
2CVoPLea5_Q,UCNye-wNBqNL5ZzHSJj3l8Bg,Al Jazeera English,2023-10-10T18:11:40Z
LoHzMSWhmqE,UCmGSJVG3mCRXVOP4yZrU1Dw,Johnny Harris,2023-10-10T18:54:28Z
OLzJOVDQ0gY,UCFQgi22Ht00CpaOQLtvZx2A,ITV News,2023-10-10T18:58:30Z
USPCZDGipmY,UC8p1vwvWtl6T73JiExfWs1g,CBS News,2023-10-10T19:57:43Z
CO2qUhAsJvQ,UCatt7TBjfBkiJWx8khav_Gg,Piers Morgan Uncensored,2023-10-10T20:00:04Z
vOcBxJdOgvI,UCHd62-u_v4DvJ8TCFtpi4GA,Washington Post,2023-10-10T20:00:13Z
qqR6UufZLwE,UC16niRr50-MSBwiO3YDb3RA,BBC News,2023-10-10T20:57:03Z
XjQQguh2kI0,UCVSNOxehfALut52NbkfRBaA,Voice of America,2023-10-10T23:52:05Z
F_IAH7PnS_E,UCi5N_uAqApEUIlg32QzkPlg,Bret Weinstein,2023-10-10T23:53:19Z
MGgB2_VsYKA,UCSRRURbKlPf1HwPUhjmufTg,The Free Press,2023-10-11T00:57:47Z
KQwhpHNDccA,UCiKGMZZmZXK-RpbKJGXgH3Q,Access Hollywood,2023-10-11T01:10:42Z
Hb1eDSvEDys,UCYPvAwZP8pZhSMW8qs7cVCw,India Today,2023-10-11T02:57:11Z
4-vPFBgrs1o,UCN7B-QD0Qgn2boVH5Q0pOWg,BBC News Hindi,2023-10-11T03:30:01Z
PoaMgizuZj8,UCZFMm1mMw0F81Z37aaEzTUA,NDTV,2023-10-11T03:39:08Z
a3FjfKoTBT0,UCYPvAwZP8pZhSMW8qs7cVCw,India Today,2023-10-11T06:39:28Z
n8H55M_nxFg,UCNye-wNBqNL5ZzHSJj3l8Bg,Al Jazeera English,2023-10-11T07:03:28Z
kt-Fty-nUR0,UCN7B-QD0Qgn2boVH5Q0pOWg,BBC News Hindi,2023-10-11T10:37:21Z
NbiqbQCJxAE,UCN7B-QD0Qgn2boVH5Q0pOWg,BBC News Hindi,2023-10-11T11:48:45Z
JB0O3VrjZ9o,UCYPvAwZP8pZhSMW8qs7cVCw,India Today,2023-10-11T12:09:46Z
L_P1nbNPH3M,UCupvZG-5ko_eiXAupbDfxWw,CNN,2023-10-11T14:16:42Z
Q8HZRRDF2Tc,UCIvaYmXn910QMdemBG3v1pQ,Zee News,2023-10-11T14:24:15Z
8Bzo_QimyHc,UCF-VP3b3oH0XASqsLI5rnLw,Times News,2023-10-11T15:02:19Z
WDCkMkLvc-E,UCrC8mOqJQpoB7NuIMKIS6rQ,StudyIQ IAS,2023-10-11T15:24:29Z
aobV2A3O-XQ,UCaXkIU1QidjPwiAYu6GcHjg,MS NOW,2023-10-11T15:28:36Z
XgMx-9K6q-k,UCjElJyiXmQXnWmceQ1JyKrA,Asianet Suvarna News,2023-10-11T16:59:56Z
OpWo5-g8M6M,UCiDyg5GUMxZiHiwiQ29Nwhw,The Newsmakers,2023-10-11T17:06:35Z
vo9NUZPkxeU,UCoMdktPbSTixAyNGwb-UYkQ,Sky News,2023-10-11T17:46:03Z
FG2QVOA3fd4,UChqUTb7kYRX8-EiaN3XFrSQ,Reuters,2023-10-11T18:08:42Z
ASiHh2BU_nM,UCeY0bbntWzzVIaj2z3QigXg,NBC News,2023-10-11T18:30:08Z
txCIQC-YFjc,UCXIJgqnII2ZOINSWNOGFThA,Fox News,2023-10-11T18:42:45Z
ZfNbxVa3YLo,UCatt7TBjfBkiJWx8khav_Gg,Piers Morgan Uncensored,2023-10-11T20:00:15Z
pINho0Y6_2Q,UCeY0bbntWzzVIaj2z3QigXg,NBC News,2023-10-11T21:45:02Z
iYp4kSiLKIE,UCGyGDP_8OoUhgYd4KsezoTg,The Eagle's View,2023-10-11T22:02:16Z
QMWvyRIlwuw,UC52X5wxOL_s5yw0dQk7NtgA,Associated Press,2023-10-11T23:31:38Z
wCl_1ftGj5s,UCIYLOcEUX6TbBo7HQVF2PKA,9 News Australia,2023-10-12T00:52:13Z
592rfN1A5t8,UC83jt4dlz1Gjl58fzQrrKZg,CNA,2023-10-12T03:17:24Z
YsKHCstslTs,UCT350j4u6alUKyF9eu2bGug,ABC10,2023-10-12T06:16:33Z
F1H1SA0F_wY,UCTrQ7HXWRRxr7OsOtodr2_w,Channel 4 News,2023-10-12T08:30:05Z
18QRkRh9BP0,UCBTje3Q6Crs6fbWVoU9lSmw,Cheran Academy,2023-10-12T12:30:01Z
0UlCWfL9SCk,UCeY0bbntWzzVIaj2z3QigXg,NBC News,2023-10-12T13:00:01Z
uLUd2ziD9Sc,UCSKgOW8Pg_eZymYJyJc432g,Dainik Jagran - दैनिक जागरण,2023-10-12T13:03:37Z
oKhCiq77GNw,UCtFQDgA8J8_iiwc5-KoAQlg,ANI News,2023-10-12T13:30:10Z
gZFtvDEyoR8,UCnyCrv8b7bu0oWFXGyHaPzg,TRT World Now,2023-10-12T14:19:23Z
TQ14O__WnR4,UC73H5p3GP8b5N1f3hozIXyQ,TBN Israel,2023-10-12T14:20:53Z
IZn2h_UQ-Hk,UCF-VP3b3oH0XASqsLI5rnLw,Times News,2023-10-12T16:16:04Z
k0CfyHTmb4Q,UCItJsxqZNWUyxFn-A2tzizQ,Priya Jain,2023-10-12T16:31:15Z
druHh6pOjoo,UCm7lHFkt2yB_WzL67aruVBQ,Hindustan Times,2023-10-12T16:57:29Z
HmhkVfhleCU,UCawNWlihdgaycQpO3zi-jYg,Israel Defense Forces,2023-10-12T19:08:26Z
hLDqZLQA1NY,UCBIwEMdzKFgm6C_h6EPaHqQ,M.Shakil Ahmed,2023-10-12T19:22:44Z
6e4pSe1TkKY,UCNye-wNBqNL5ZzHSJj3l8Bg,Al Jazeera English,2023-10-12T19:48:16Z
4qApg_aFIAk,UChqUTb7kYRX8-EiaN3XFrSQ,Reuters,2023-10-12T20:26:46Z
7HShzE7pJX4,UCoMdktPbSTixAyNGwb-UYkQ,Sky News,2023-10-12T20:54:32Z
i5B7uGFisN4,UCdlxWNzGGPKzQLMXkkyZkUQ,Wretched with Todd Friel,2023-10-12T21:03:19Z
bm7f0TwpPYs,UCAw-UX_vHIqJFxCDdewR8qw,Fact::Studio::Newsroom,2023-10-12T22:33:36Z
zIKyHaEOGiY,UCiTCB-B_weEmwHk7ifNobQw,BBC News Telugu,2023-10-13T02:29:21Z
pzFOfUV7iNA,UCMliswJ7oukCeW35GSayhRA,WSJ News,2023-10-13T02:59:22Z
wh-gKrMUTno,UCQM3e6arSELYW6ZTBtJPEgg,Deepika News,2023-10-13T05:28:06Z
tCEqSQoWrWw,UCLrIrv-4zBdzLw8avX1enVQ,EduMedh by Mahipal,2023-10-13T05:30:23Z
sIviVvIL2N4,UC3prwMn9aU2z5Y158ZdGyyA,CRUX,2023-10-13T06:33:52Z
bzK9C83rjJw,UCoMdktPbSTixAyNGwb-UYkQ,Sky News,2023-10-13T07:16:04Z
tZsN9cczm9o,UCN7B-QD0Qgn2boVH5Q0pOWg,BBC News Hindi,2023-10-13T07:28:27Z
0xbsfi790Ek,UCNye-wNBqNL5ZzHSJj3l8Bg,Al Jazeera English,2023-10-13T13:00:24Z
_NGYXypCgrc,UCZaT_X_mc0BI-djXOlfhqWQ,VICE News,2023-10-13T13:00:30Z
ic1dHICeSbc,UCm7lHFkt2yB_WzL67aruVBQ,Hindustan Times,2023-10-13T13:15:04Z
V5XmoxgX7jE,UC7fWeaHhqgM4Ry-RMpM2YYw,TRT World,2023-10-13T13:47:04Z
3bM9toBEbiQ,UCTrQ7HXWRRxr7OsOtodr2_w,Channel 4 News,2023-10-13T13:55:21Z
40IltUf8ybs,UCg40OxZ1GYh3u3jBntB6DLg,Forbes Breaking News,2023-10-13T15:59:25Z
DJpztW6LMV0,UCXVHADOuktm5WwlENNgfh1g,THE ROOSTER NEWS ,2023-10-13T16:00:07Z
ACpwR8Ia4zQ,UCSDoa_BYa7HSKDjGpkWk1Pg,Latest News,2023-10-13T17:08:15Z
gsoDWmQXIjc,UCRWFSbif-RFENbBrSiez1DA,ABP NEWS,2023-10-13T17:27:23Z
kULklGzNJBk,UCNye-wNBqNL5ZzHSJj3l8Bg,Al Jazeera English,2023-10-13T18:16:58Z
UP7HI--2Gpg,UChqUTb7kYRX8-EiaN3XFrSQ,Reuters,2023-10-13T18:40:24Z
jKXpx9FllFQ,UCIvaYmXn910QMdemBG3v1pQ,Zee News,2023-10-13T18:41:52Z
VqY6wNEeQxs,UCoMdktPbSTixAyNGwb-UYkQ,Sky News,2023-10-13T18:47:18Z
9Z232nPesCo,UCoMdktPbSTixAyNGwb-UYkQ,Sky News,2023-10-13T19:09:50Z
uKSL6u5cNO8,UC9h8BDcXwkhZtnqoQJ7PggA,WarFronts,2023-10-13T20:19:30Z
b_oBJsnHKSg,UC2a35q7eyzkfoIusBzdH4Hw,Newsweek,2023-10-13T20:50:45Z
bFYJST9HJ5U,UCoMdktPbSTixAyNGwb-UYkQ,Sky News,2023-10-13T20:54:10Z
a9DtD_XGE4A,UCMliswJ7oukCeW35GSayhRA,WSJ News,2023-10-13T21:17:04Z
wqr7YLDOHZw,UChqUTb7kYRX8-EiaN3XFrSQ,Reuters,2023-10-13T22:36:57Z
rB2ecyia35g,UC6ZFN9Tx6xh-skXCuRHCDpQ,PBS NewsHour,2023-10-13T23:02:19Z
gRWI-t_6CHI,UCJGMzEs9XnBRPcXH1ZE4K-A,WSFA 12 News,2023-10-13T23:25:16Z
UnRCg2lUqKs,UCpWvshQVx1d7BqCsPnVuNIw,The Star,2023-10-14T03:25:10Z
KqzutEKYskk,UCNye-wNBqNL5ZzHSJj3l8Bg,Al Jazeera English,2023-10-14T04:06:10Z
A8Gel6oeu7o,UCN7B-QD0Qgn2boVH5Q0pOWg,BBC News Hindi,2023-10-14T05:00:04Z
Rg7lmAR_Og4,UCat88i6_rELqI_prwvjspRA,News18 Tamil Nadu,2023-10-14T05:36:42Z
K6JaSbUh9r0,UCcPcua2PF7hzik2TeOBx3uw,faz,2023-10-14T10:49:13Z
a4Thc-XFRGA,UCHuBTOmNIvFO6sy_aP1UySw,Hendri Teja,2023-10-14T12:00:00Z
YiVEvoUFzkE,UC8p1vwvWtl6T73JiExfWs1g,CBS News,2023-10-14T12:06:36Z
FBSprZiyfcc,UC-SJ6nODDmufqBzPBwCvYvQ,CBS Mornings,2023-10-14T12:08:16Z
D6rkV00kWvE,UCN7B-QD0Qgn2boVH5Q0pOWg,BBC News Hindi,2023-10-14T13:00:09Z
M3XUzYe5E8c,UCY7LWaGJAj43AebRAPu4f0Q,Pressroom Today,2023-10-14T13:05:10Z
VNFylItFIRQ,UCwqusr8YDwM-3mEYTDeJHzw,Republic World,2023-10-14T13:45:45Z
OKr_PoKH-90,UCoMdktPbSTixAyNGwb-UYkQ,Sky News,2023-10-14T14:10:41Z
LYfOuoZlpJw,UCRWFSbif-RFENbBrSiez1DA,ABP NEWS,2023-10-14T15:00:11Z
Bc0ReeZRws4,UCoMdktPbSTixAyNGwb-UYkQ,Sky News,2023-10-14T15:27:30Z
cAbhTc7EDPw,UCARPUNb-xVrW8-j-hCjvP8g,FLASH OF TRENDS,2023-10-14T16:25:15Z
9UTckJi7hQ4,UCMmaBzfCCwZ2KqaBJjkj0fw,Kings and Generals,2023-10-14T17:00:08Z
mA5VxyNTi3g,UCy-kT-qkwjwd4IHdhv-rl7w,Education Genius ,2023-10-14T18:00:17Z
JF1oFu2XuV4,UCR0fZh5SBxxMNYdg0VzRFkg,Middle East Eye,2023-10-14T18:17:36Z
liFBY01Yh9w,UCaXkIU1QidjPwiAYu6GcHjg,MS NOW,2023-10-14T19:30:04Z
RtkkZHCQFWQ,UCU1EePiuIZUXowqQeubK8kg,Universal Times Shorts,2023-10-14T21:52:52Z
ebbQWB4-jzY,UCIB2qq2wmbUWgCiM2qgh_2g,Bushra Siddiki,2023-10-14T22:47:35Z
4duOcsASfu4,UCRK4FDIkUyslEAUdyRDdCtQ,NEWS9 Live,2023-10-14T23:31:15Z
XsgfOkKRSxU,UCxZMOY2RdtK6LQUbIYgec4A,CBS News Sacramento,2023-10-15T02:05:54Z
sL6A64SW7H0,UCxjC_VVez3w8Uyh7LWPnkXA,FOX 13 News Utah,2023-10-15T04:14:53Z
aR5K-ij7FJA,UCYPvAwZP8pZhSMW8qs7cVCw,India Today,2023-10-15T05:29:58Z
dWlJejxM02s,UCc_nfxTkM3qfdDuoNZinnCQ,US Today NEWS,2023-10-15T08:00:30Z
yVRTWxQqMcU,UCawNWlihdgaycQpO3zi-jYg,Israel Defense Forces,2023-10-15T09:15:14Z
nJvs9iy9M5E,UCq8YuJJJ9qkEO3vQwjcOl9g,IS NEWS,2023-10-15T10:30:11Z
EdWdzNMj2Ps,UC4mWOMYw8opSK08pMEAOIMg,NewsBiteAI,2023-10-15T14:04:36Z
f7hh7JsJqUU,UC7pluR6rB5KZIbN2IxamzxQ,BBC News Marathi,2023-10-15T14:45:03Z
EtAz61fKLeg,UCupvZG-5ko_eiXAupbDfxWw,CNN,2023-10-15T17:17:41Z
M-RFMiaXD0o,UC7tvUHNaB1OYGpmlpIAMVEg,न्यूज़ भारत,2023-10-15T17:24:08Z
Cx4wsHZJF1c,UC3KWTCVV7trwQ5VcETNSjsw,Outstanding Tech,2023-10-15T17:29:17Z
MLxbEciedRE,UC2v9zp3NDaHp9PmYHnpwMBA,Kashmir Tube,2023-10-15T17:30:16Z
Gm_iLS7dUkA,UCJHk7NZyFnyphA_jfdK5rvA,Living Lchaim,2023-10-15T18:50:01Z
hYtb6vHCJBg,UC3jMsxhjP6MOdiHgoSG-grw,MirYam Institute,2023-10-15T19:43:54Z
5UpClxURrSc,UCoMdktPbSTixAyNGwb-UYkQ,Sky News,2023-10-15T20:00:45Z
_K8Xy8Egaos,UCBi2mrWuNuyYy4gbM6fU18Q,ABC News,2023-10-16T02:30:25Z
y3TzZAv24XM,UCsN32BtMd0IoByjJRNF12cw,60 Minutes,2023-10-16T03:00:34Z
OVjM0vIGPzY,UCeY0bbntWzzVIaj2z3QigXg,NBC News,2023-10-16T05:18:24Z
mfXHFF6kU1k,UCNye-wNBqNL5ZzHSJj3l8Bg,Al Jazeera English,2023-10-16T06:40:28Z
ubhKrlybMm8,UCrdPiSPVW0rtRsI002BX8iw,Mojo Story,2023-10-16T06:58:33Z
7IE9eDvG_Tw,UC5T7D-Dh1eDGtsAFCuwv_Sw,7NEWS Australia,2023-10-16T07:28:05Z
997Ln7NffgY,UCrdPiSPVW0rtRsI002BX8iw,Mojo Story,2023-10-16T07:51:54Z
gG3OY2Esm_0,UCeY0bbntWzzVIaj2z3QigXg,NBC News,2023-10-16T10:30:12Z
GmZnL0-jz7s,UCzF4Ryn8TKn64md77gS5Q5Q,11Alive,2023-10-16T10:44:05Z
5a8GHm5jvhk,UCRWFSbif-RFENbBrSiez1DA,ABP NEWS,2023-10-16T13:15:50Z
eR8uLyGivLo,UCYPvAwZP8pZhSMW8qs7cVCw,India Today,2023-10-16T13:47:37Z
aRSlmSQXsNo,UC4vlUP6lABZgAGjHQHxa1_Q,Beyond Borders,2023-10-16T14:00:01Z
czUR1frwFxc,UCef1-8eOpJgud7szVPlZQAQ,CNN-News18,2023-10-16T14:07:35Z
p_bseB28lFA,UCBi2mrWuNuyYy4gbM6fU18Q,ABC News,2023-10-16T14:25:58Z
YSEee2L7a9s,UC8tlkNOeGB2C1AnjYCl3fZg,Philip Keeler,2023-10-16T15:38:33Z
HzyRXVhGr2M,UCKwucPzHZ7zCUIf7If-Wo1g,DD News,2023-10-16T15:41:53Z
8p7Q02UZMUI,UC8p1vwvWtl6T73JiExfWs1g,CBS News,2023-10-16T15:47:44Z
7WQ61puzlvE,UC_gUM8rL-Lrg6O3adPW9K1g,WION,2023-10-16T15:51:46Z
zNqQ5WLML7M,UCYPvAwZP8pZhSMW8qs7cVCw,India Today,2023-10-16T15:57:11Z
a9FbqgOi-4g,UCLXo7UDZvByw2ixzpQCufnA,Vox,2023-10-16T17:18:07Z
rk36Sc7NiTk,UCAeWdyKJXGWmVAXFpgLNNTg,CBS Evening News,2023-10-16T17:22:51Z
rYhOMCLc3ek,UCAeWdyKJXGWmVAXFpgLNNTg,CBS Evening News,2023-10-16T17:28:33Z
dNs2tt7auQ4,UCgS2kskDIvTyzKKJzkhivxw,"Cornerstone Chapel - Leesburg, VA",2023-10-16T17:29:51Z
4V2KmgRLnSE,UChqUTb7kYRX8-EiaN3XFrSQ,Reuters,2023-10-16T17:56:10Z
VxDzdhx8_ow,UC8Ioh4atNDO5a0Vy2qFmauQ,NTD,2023-10-16T17:58:50Z
qvJw7uT_zYE,UCoMdktPbSTixAyNGwb-UYkQ,Sky News,2023-10-16T17:58:51Z
99iKX9ergGQ,UCshwRhftzkiov5wKR7M_LsQ,The Independent,2023-10-16T18:15:03Z
tN9AG61HiLA,UCshwRhftzkiov5wKR7M_LsQ,The Independent,2023-10-16T18:15:07Z
9SgpfSL07Xg,UCEu1k9XfMiJxgM9ejZ-fiig,Geo News 360,2023-10-16T18:57:01Z
ujBFPKMQSlg,UCLXo7UDZvByw2ixzpQCufnA,Vox,2023-10-16T20:43:27Z
QWYcX3zRbvg,UCupvZG-5ko_eiXAupbDfxWw,CNN,2023-10-16T21:55:19Z
PbUuNXG8R84,UCv_pelZ-K3pSnv0RNjQqfUQ,Two Hammers,2023-10-16T22:02:18Z
i9YJdF2pkHQ,UCuFFtHWoLl5fauMMD5Ww2jA,CBC News,2023-10-16T22:14:12Z
NforU0pdnCk,UC6ZFN9Tx6xh-skXCuRHCDpQ,PBS NewsHour,2023-10-16T22:28:03Z
4NWJBeo6OJc,UC9k-yiEpRHMNVOnOi_aQK8w,Inside Edition,2023-10-16T22:48:17Z
AdpOYTdZpFc,UClqPeq7eCZCwWB4d89h2qSQ,Trending Now,2023-10-16T23:57:13Z
p7R9YEfqAec,UC_wEFPo0aHFIAhkB7SC7PVw,VOA Africa,2023-10-17T01:30:51Z
fzqCBWfN2_Y,UCO0akufu9MOzyz3nvGIXAAw,Sky News Australia,2023-10-17T01:41:56Z
j7MGxhG5Tqw,UCmRbHAgG2k2vDUvb3xsEunQ,CNBC-TV18,2023-10-17T04:32:48Z
h-qf2FL47Ew,UCebw1TqaOGp12G1v2hW3Ssg,Islam Clips,2023-10-17T04:42:28Z
9ZndHG3fWL8,UCoMdktPbSTixAyNGwb-UYkQ,Sky News,2023-10-17T06:32:01Z
bXrnW_TCZqc,UCef1-8eOpJgud7szVPlZQAQ,CNN-News18,2023-10-17T06:35:05Z
aiNkRI6eFwU,UCfyTagDSykzUP2OKIRS022Q,Global Headlines Hub,2023-10-17T08:59:00Z
RXpYOr8357A,UCxcrzzhQDj5zKJbXfIscCtg,ABC News In-depth,2023-10-17T10:00:16Z
6waJiHmI3Fw,UCrdPiSPVW0rtRsI002BX8iw,Mojo Story,2023-10-17T10:37:39Z
EWVBt9LWYuw,UCQIycDaLsBpMKjOCeaKUYVg,CNBC Awaaz.,2023-10-17T11:23:10Z
hPRua0u7hYY,UChi08h4577eFsNXGd3sxYhw,Breakfast Club Power 105.1 FM,2023-10-17T13:09:16Z
53Z7e0C1NMI,UC6WzPg6yxF9dQx2_O6R4lww,Nitish Rajput,2023-10-17T14:30:15Z
Wsn8J5Y9pm4,UCoJTOwZxbvq8Al8Qat2zgTA,Kim Iversen,2023-10-17T16:06:49Z
LAZo6GCJ3mY,UCIvaYmXn910QMdemBG3v1pQ,Zee News,2023-10-17T16:09:56Z
XY3t80-vCJY,UCPgLNge0xqQHWM5B5EFH9Cg,The Telegraph,2023-10-17T16:26:04Z
jIqFqyIO6A4,UCawNWlihdgaycQpO3zi-jYg,Israel Defense Forces,2023-10-17T16:33:24Z
_u6C5LnuBmc,UCYpRDnhk5H8h16jpS84uqsA,Le Monde,2023-10-17T17:09:09Z
xBgLQDVvSLo,UCSDoa_BYa7HSKDjGpkWk1Pg,Latest News,2023-10-17T18:04:17Z
Vm0uKbOqpyo,UCt4t-jeY85JegMlZ-E5UWtA,Aaj Tak,2023-10-17T18:17:52Z
b1_lZo0glxo,UC-SJ6nODDmufqBzPBwCvYvQ,CBS Mornings,2023-10-17T19:05:10Z
JgPEw__wbOI,UCJg9wBPyKMNA5sRDnvzmkdg,LiveNOW from FOX,2023-10-17T19:06:21Z
_kdyIUF_X0Q,UCAeWdyKJXGWmVAXFpgLNNTg,CBS Evening News,2023-10-17T19:22:55Z
WOsolCVO0Yo,UCYV9UhlTIojJGzAaInoKkxQ,Activism Uncensored,2023-10-17T19:28:57Z
lDLhrPMh6xo,UCwroZhVLHBfEdFPcOLEz-LA,KnowKite,2023-10-17T21:32:55Z
wtpwh9ZibyU,UCd1yWIOxmbYCG5kOn519lAw,The Free Forum Project,2023-10-17T22:47:43Z
zG3U2y-ezn0,UCj5_M_PVTIjZggYmTK_Gllg,Umer Ahmed Ansari ,2023-10-17T23:47:21Z
m41SC3qmYNo,UCNye-wNBqNL5ZzHSJj3l8Bg,Al Jazeera English,2023-10-18T00:37:42Z
883gAntoOD8,UC5oAOrsfqTxLOmFNuK_S8ug,PGurus,2023-10-18T00:39:15Z
EynCSy4rj5s,UC8p1vwvWtl6T73JiExfWs1g,CBS News,2023-10-18T01:11:22Z
gLY47IarGsw,UCYqv0Fu-LfYhm1eLI-OnouQ,Finex News,2023-10-18T01:54:51Z
goE3BfQj7cQ,UCKjU3KzdbJE1EFcHVqXC3_g,CBC News: The National,2023-10-18T02:22:08Z
rezdRnyO2Mk,UCRK4FDIkUyslEAUdyRDdCtQ,NEWS9 Live,2023-10-18T02:44:32Z
0Ez5ttcSHt0,UCMk9Tdc-d1BIcAFaSppiVkw,Times Now Navbharat,2023-10-18T03:48:24Z
cp-XdCfCBJ8,UCNMTP5gIcJ1cG1GYO_T-NMw,Prasath Signature,2023-10-18T04:13:39Z
599jNZnZ9v8,UCADSMvkhpBR7rS5cZ94j8CQ,Time sphere sports News,2023-10-18T04:16:15Z
B0nV2rzdxLo,UCYPvAwZP8pZhSMW8qs7cVCw,India Today,2023-10-18T04:38:56Z
wmAuym1S-D0,UC7wXt18f2iA3EDXeqAVuKng,Republic Bharat,2023-10-18T04:51:26Z
zG7LccBgX-A,UCNcaZMjBewPr5yLcOIgwRrA,WorldStream Live,2023-10-18T05:00:51Z
ZTBnhbZ_1ck,UCef1-8eOpJgud7szVPlZQAQ,CNN-News18,2023-10-18T05:42:46Z
zBt4Yk8KWVg,UCYPvAwZP8pZhSMW8qs7cVCw,India Today,2023-10-18T06:04:45Z
vcDr8Ymx5t0,UCYPvAwZP8pZhSMW8qs7cVCw,India Today,2023-10-18T06:16:06Z
cNoSyF_tKBg,UC9CYT9gSNLevX5ey2_6CK0Q,NDTV India,2023-10-18T06:16:34Z
G2ledF4YZps,UC06aGqP0iKqOOoj-JYowYwg,DaySpecial,2023-10-18T06:23:42Z
L3ylok0VzCs,UCef1-8eOpJgud7szVPlZQAQ,CNN-News18,2023-10-18T06:27:06Z
VOqZmzBFeHI,UCZFMm1mMw0F81Z37aaEzTUA,NDTV,2023-10-18T06:40:26Z
i2y9PVJ03EA,UC7PwfNI2zuokhCctN9VymLg,Protidiner Bangladesh,2023-10-18T06:54:44Z
Qhua9DQw_gk,UCLIMdoS-InL1-GIBUKSvydg,midday india,2023-10-18T07:01:27Z
C8qnwsnIeHc,UCDqKlAwdi_RSw41db7gWk6Q,News Express India,2023-10-18T07:02:51Z
cYo4YcoNbMI,UC9CYT9gSNLevX5ey2_6CK0Q,NDTV India,2023-10-18T07:03:15Z
mgj8jXhi1Sk,UCef1-8eOpJgud7szVPlZQAQ,CNN-News18,2023-10-18T07:12:11Z
2Ri6c3lnqS8,UCPP3etACgdUWvizcES1dJ8Q,News18 India,2023-10-18T07:16:14Z
msdwMwhpCHg,UChl_i8s4QslRppMsEUyNsbg,Bangla Breach,2023-10-18T07:26:23Z
OaC1ix1x3xQ,UCPP3etACgdUWvizcES1dJ8Q,News18 India,2023-10-18T07:35:30Z
250tJt_NsAQ,UC9CYT9gSNLevX5ey2_6CK0Q,NDTV India,2023-10-18T07:35:36Z
nWpmSq8KKlo,UCvxi7_X1VSaMr_osIamYNaw,NMF News,2023-10-18T07:45:03Z
qcXElGyzCKo,UCRWFSbif-RFENbBrSiez1DA,ABP NEWS,2023-10-18T07:56:38Z
Oc04wotOxTM,UCRWFSbif-RFENbBrSiez1DA,ABP NEWS,2023-10-18T08:00:11Z
fnoxAOT2b_E,UC3prwMn9aU2z5Y158ZdGyyA,CRUX,2023-10-18T08:01:41Z
yc0dSXjgmT8,UCytSP0M0Jdnw6qIy3Y-nTig,NewsX Live,2023-10-18T08:04:29Z
NPrXvdZ7Dgw,UCIvaYmXn910QMdemBG3v1pQ,Zee News,2023-10-18T08:05:00Z
89oAqz9bNkg,UC9CYT9gSNLevX5ey2_6CK0Q,NDTV India,2023-10-18T08:13:49Z
bM8M361yhzk,UCYPvAwZP8pZhSMW8qs7cVCw,India Today,2023-10-18T08:14:14Z
nRULc8R9Taw,UC6RJ7-PaXg6TIH2BzZfTV7w,Times Now,2023-10-18T08:14:53Z
AqrDdal2gjI,UC7fWeaHhqgM4Ry-RMpM2YYw,TRT World,2023-10-18T08:15:50Z
ipBjc0WUpqs,UCIvaYmXn910QMdemBG3v1pQ,Zee News,2023-10-18T08:25:25Z
YLwGquNKQkM,UCqI-qxzFCzcgJBhfdkM8zZw,Ravindra Joshi Creations,2023-10-18T08:31:53Z
SeoLtcVT6Ww,UCRWFSbif-RFENbBrSiez1DA,ABP NEWS,2023-10-18T08:38:14Z
mvj0FMvikBA,UCCJsQKOKArvDksacfT2ryQw,World Affairs by Unacademy,2023-10-18T08:41:01Z
cUfjwwXxLjs,UCYPvAwZP8pZhSMW8qs7cVCw,India Today,2023-10-18T08:53:13Z
NU3QdxYZzH8,UC6RJ7-PaXg6TIH2BzZfTV7w,Times Now,2023-10-18T08:54:15Z
gUXeGb6E4qc,UCJVRV7nrBfuaalKwoiRpB8A,map  pathshala Hindi,2023-10-18T09:00:07Z
MC06OZbLu4s,UCckHqySbfy5FcPP6MD_S-Yg,Times Of India,2023-10-18T09:00:08Z
NY85qA4Uyjc,UCJEDFSxHHOW1PpBccdSxOTA,The Indian Express,2023-10-18T09:00:12Z
nG72XSqGr9E,UCZFMm1mMw0F81Z37aaEzTUA,NDTV,2023-10-18T09:06:11Z
0CzI1Ia1JOM,UCQsob4fGjHWhYHW0OLb6rew,Business Standard,2023-10-18T09:08:22Z
GoZuvz0N17w,UCRWFSbif-RFENbBrSiez1DA,ABP NEWS,2023-10-18T09:16:48Z
ZeWvUfGN4J8,UCPP3etACgdUWvizcES1dJ8Q,News18 India,2023-10-18T09:18:38Z
G_hMrpofUZI,UCRWFSbif-RFENbBrSiez1DA,ABP NEWS,2023-10-18T09:24:02Z
4gLaFvr2TM4,UCRWFSbif-RFENbBrSiez1DA,ABP NEWS,2023-10-18T09:26:11Z
5nHGLMEc4ng,UCRWFSbif-RFENbBrSiez1DA,ABP NEWS,2023-10-18T09:33:55Z
ZASX2KDo-fI,UCGYf0VFdlSTzcJghW9z1DAA,The National News,2023-10-18T09:37:53Z
p_5iPUKGS4g,UCef1-8eOpJgud7szVPlZQAQ,CNN-News18,2023-10-18T09:42:11Z
-N5Z1pTTfl4,UCF-VP3b3oH0XASqsLI5rnLw,Times News,2023-10-18T09:47:59Z
Z9fhaC4vJys,UCdNe0Hius2IqTrrkyTlDHSQ,War Thunder Minions,2023-10-18T09:48:20Z
Gdrp2X2KcDk,UCmqx3ukqhdbSJWJB_SdCbqA,LokmatHindi,2023-10-18T09:50:31Z
NKY7gD6oNW0,UCRWFSbif-RFENbBrSiez1DA,ABP NEWS,2023-10-18T09:59:32Z
Q20wPHikCpI,UCSKgOW8Pg_eZymYJyJc432g,Dainik Jagran - दैनिक जागरण,2023-10-18T10:00:00Z
WkbMeLL0ej4,UCx8Z14PpntdaxCt2hakbQLQ,The Lallantop,2023-10-18T10:00:24Z
tpxfirqrfvE,UCmRbHAgG2k2vDUvb3xsEunQ,CNBC-TV18,2023-10-18T10:12:02Z
c-kcL5I44wY,UCf8w5m0YsRa8MHQ5bwSGmbw,asianetnews,2023-10-18T10:12:29Z
B2xIOw_wfxw,UCwcH94eG9YYAn1G2nfw3j-w,KADAK,2023-10-18T10:14:12Z
9qRfqR-ToUc,UCr1WVB81xU8rsYi563ko8rg,Hindustan News XYZ,2023-10-18T10:22:23Z
j4FtdQt9KXg,UCRK4FDIkUyslEAUdyRDdCtQ,NEWS9 Live,2023-10-18T10:22:24Z
ZvZPIfGghz4,UCplS883AyxWephpYpecI4ow,BROADCASTING ACROSS THE SEA,2023-10-18T10:34:34Z
pZi80-N7_p8,UCm7lHFkt2yB_WzL67aruVBQ,Hindustan Times,2023-10-18T10:38:11Z
wk4pu5UhcAY,UC_gUM8rL-Lrg6O3adPW9K1g,WION,2023-10-18T10:41:17Z
-axg6dSPqJc,UCeJWZgSMlzqYEDytDnvzHnw,TV9 Gujarati,2023-10-18T10:41:41Z
fcmxwGwfNF4,UCQ1_ZYkmnTBVJjCNIleGyeg,DNA India News Hindi,2023-10-18T10:49:40Z
jjQcQSqaUXA,UCHtYUfPnQci6GoUpPlWfrOg,Shekinah News,2023-10-18T10:50:31Z
JS6QPzMDb6o,UCef1-8eOpJgud7szVPlZQAQ,CNN-News18,2023-10-18T10:52:13Z
nyBgDzZcvnw,UCm7lHFkt2yB_WzL67aruVBQ,Hindustan Times,2023-10-18T11:03:22Z
zSB1X30yXP0,UCNMTP5gIcJ1cG1GYO_T-NMw,Prasath Signature,2023-10-18T11:14:51Z
4fPsU0LLjVE,UCYGZ0qW3w_dWExE3QzMkwZA,ABP Sanjha,2023-10-18T11:15:07Z
UAOZDK2uAv4,UCwcH94eG9YYAn1G2nfw3j-w,KADAK,2023-10-18T11:17:17Z
IkEqH89zgcw,UC_gUM8rL-Lrg6O3adPW9K1g,WION,2023-10-18T11:23:20Z
uc5LBi_l3Ps,UCmRbHAgG2k2vDUvb3xsEunQ,CNBC-TV18,2023-10-18T11:27:59Z
eio-Io29mXY,UCfaS5GpQNrJJ_G-7Z5T_mVw,The Pakistan,2023-10-18T11:32:34Z
4v5kHfuAh3c,UCss0ZN2jmVhrd4CiAD134xA,Look@that,2023-10-18T11:35:00Z
3zMYZ2zRkAY,UC6RJ7-PaXg6TIH2BzZfTV7w,Times Now,2023-10-18T12:04:51Z
geLMMPm47Uk,UC6RJ7-PaXg6TIH2BzZfTV7w,Times Now,2023-10-18T12:06:18Z
jUreUyZwPPE,UC8-NZtw3ulK6e_nDQGto-SA,Daily Blade,2023-10-18T12:16:02Z
1-6VrVuaGik,UCNye-wNBqNL5ZzHSJj3l8Bg,Al Jazeera English,2023-10-18T12:17:00Z
GB4W2kp5MCQ,UCef1-8eOpJgud7szVPlZQAQ,CNN-News18,2023-10-18T12:17:24Z
17c0lXLqXcI,UCbf0XHULBkTfv2hBjaaDw9Q,News18 Bangla,2023-10-18T12:19:04Z
jd7tGOUM4jI,UCZinho9wu3iAeRpUXvAMzBQ,IBC Tamil,2023-10-18T12:30:09Z
TvHdZH-MFdQ,UCef1-8eOpJgud7szVPlZQAQ,CNN-News18,2023-10-18T12:33:35Z
bEgUDkhlM6E,UCkXopQ3ubd-rnXnStZqCl2w,Zee Business,2023-10-18T12:36:06Z
OAQd3DwjC_4,UCTrQ7HXWRRxr7OsOtodr2_w,Channel 4 News,2023-10-18T12:38:18Z
OF95GenB1JI,UCkeTA80xeSa9POCGRpWTIfQ,travelingisrael.com,2023-10-18T12:38:57Z
jI5dKRU2YFI,UCm7lHFkt2yB_WzL67aruVBQ,Hindustan Times,2023-10-18T12:40:00Z
y-XJCSbkgWQ,UC_gUM8rL-Lrg6O3adPW9K1g,WION,2023-10-18T12:45:53Z
vQxwaXywRfU,UCYPvAwZP8pZhSMW8qs7cVCw,India Today,2023-10-18T12:53:02Z
hU6S3pD4D6A,UC83jt4dlz1Gjl58fzQrrKZg,CNA,2023-10-18T12:54:02Z
781DFuSA7-g,UCZjxPbi3AeB6YGKCfQ2TroQ,The Jaipur Dialogues,2023-10-18T12:55:50Z
A9i0KPmeSDM,UCNye-wNBqNL5ZzHSJj3l8Bg,Al Jazeera English,2023-10-18T12:59:00Z
_YFFbG3iIbE,UCOjgc1p2hJ4GZi6pQQoXWYQ,Oneindia Hindi | वनइंडिया हिंदी,2023-10-18T13:02:47Z
3woy56jvncU,UCCXoCcu9Rp7NPbTzIvogpZg,Fox Business,2023-10-18T13:03:50Z
b6HyWNn5ZIg,UCWCEYVwSqr7Epo6sSCfUgiw,MIRROR NOW,2023-10-18T13:06:57Z
o45SWfAwLHY,UCPP3etACgdUWvizcES1dJ8Q,News18 India,2023-10-18T13:12:05Z
0_m5-bmRrCE,UCWzssHaxSPQ5TOd0x3eHbGQ,Adlin Kanisha,2023-10-18T13:17:38Z
ojEWQ9i7N_E,UC83jt4dlz1Gjl58fzQrrKZg,CNA,2023-10-18T13:19:58Z
YTtAOaf2Rm0,UCef1-8eOpJgud7szVPlZQAQ,CNN-News18,2023-10-18T13:25:24Z
iEWLDfAAHm8,UCQCoAy8TSpLjLFWIgvuZEIA,City Web,2023-10-18T13:27:23Z
saqJPzNBH4k,UCGaOkbpMXx4j07kxQYpxFDA,CAPITAL TV,2023-10-18T13:30:30Z
Mm9d07OoWuQ,UCgp4A6I8LCWrhUzn-5SbKvA,TVC News Nigeria,2023-10-18T13:31:59Z
-iPzAu-gJcg,UCgp4A6I8LCWrhUzn-5SbKvA,TVC News Nigeria,2023-10-18T13:57:40Z
0U1siMJSGeA,UCef1-8eOpJgud7szVPlZQAQ,CNN-News18,2023-10-18T14:01:47Z
1TjGb9BIeKY,UCRWFSbif-RFENbBrSiez1DA,ABP NEWS,2023-10-18T14:03:35Z
LxCgSDOQ6Z8,UCTaHq6HWgPelraZjmvSCung,mohit video journalist,2023-10-18T14:24:29Z
sYhnDPNwUhQ,UC6ZFN9Tx6xh-skXCuRHCDpQ,PBS NewsHour,2023-10-18T14:24:45Z
eab_NFeWvoQ,UCRWFSbif-RFENbBrSiez1DA,ABP NEWS,2023-10-18T14:27:15Z
4s9cGcG-THs,UCRWFSbif-RFENbBrSiez1DA,ABP NEWS,2023-10-18T14:32:03Z
r9RLNcxkMs8,UCm7lHFkt2yB_WzL67aruVBQ,Hindustan Times,2023-10-18T14:32:15Z
10W4MsKaFmY,UCef1-8eOpJgud7szVPlZQAQ,CNN-News18,2023-10-18T14:32:42Z
SggB85os468,UC9IQhNgS43lmUdU-KdGyb0A,News18 Urdu,2023-10-18T14:35:02Z
KsozLSr-elw,UCef1-8eOpJgud7szVPlZQAQ,CNN-News18,2023-10-18T14:39:12Z
QYFswo9WSW0,UCef1-8eOpJgud7szVPlZQAQ,CNN-News18,2023-10-18T14:40:15Z
cubqDFfyI8I,UCIvaYmXn910QMdemBG3v1pQ,Zee News,2023-10-18T14:43:28Z
tszuTYaIqIY,UCTCZvOKRlGDpX9T7dfd_EFg,Introducing World,2023-10-18T14:44:14Z
_lyKank8izA,UCef1-8eOpJgud7szVPlZQAQ,CNN-News18,2023-10-18T14:45:44Z
RfE6iXUTrOE,UCZFMm1mMw0F81Z37aaEzTUA,NDTV,2023-10-18T14:52:42Z
492s4LfyVKI,UCzwCEE_PchiBULMnAJqhGVg,Raj Shamani,2023-10-18T14:57:26Z
xV4YljYPrJ8,UC5pR9Ddimm3vx4TNT8C7XYw,News1 India ,2023-10-18T15:00:52Z
ZyvokjtIRGA,UCoMdktPbSTixAyNGwb-UYkQ,Sky News,2023-10-18T15:03:10Z
wdCpI7Qwirg,UCoMAn2Kdx-M2kSqDIZUa-cQ,Essential Post,2023-10-18T15:04:11Z
EvtCUa4pAqQ,UCef1-8eOpJgud7szVPlZQAQ,CNN-News18,2023-10-18T15:06:38Z
9TyOrD7JGTM,UCRWFSbif-RFENbBrSiez1DA,ABP NEWS,2023-10-18T15:11:13Z
V2E1bWIXnv8,UCmRbHAgG2k2vDUvb3xsEunQ,CNBC-TV18,2023-10-18T15:11:35Z
RD02QXe1FFY,UCef1-8eOpJgud7szVPlZQAQ,CNN-News18,2023-10-18T15:13:02Z
QuQJJQlLM8g,UCRWFSbif-RFENbBrSiez1DA,ABP NEWS,2023-10-18T15:16:25Z
Wr6KMniWDYU,UCC8rNDlDPn9bExw7-jzjebw,Orphans In Need USA ,2023-10-18T15:22:18Z
QeI3vXsvnwY,UCRWFSbif-RFENbBrSiez1DA,ABP NEWS,2023-10-18T15:23:42Z
3hoFNo6b78w,UCmS0FDWp0snIA9xooi4lXqw,Daily Fatafat News,2023-10-18T15:26:28Z
XHPj7m9odW4,UCIvaYmXn910QMdemBG3v1pQ,Zee News,2023-10-18T15:28:05Z
zzhb7oX15Yo,UCRWFSbif-RFENbBrSiez1DA,ABP NEWS,2023-10-18T15:28:54Z
DkJ4T3fDFsU,UCJeZwRfSPX00f4bB7gOeN5w,Liberty Lockdown,2023-10-18T15:32:08Z
-AKASGkpzQ8,UCef1-8eOpJgud7szVPlZQAQ,CNN-News18,2023-10-18T15:34:19Z
TqZq4vD-r_M,UC9IQhNgS43lmUdU-KdGyb0A,News18 Urdu,2023-10-18T15:40:53Z
pA7Czi3onG4,UCckHqySbfy5FcPP6MD_S-Yg,Times Of India,2023-10-18T15:45:09Z
a2JDY6JIUNI,UCOjgc1p2hJ4GZi6pQQoXWYQ,Oneindia Hindi | वनइंडिया हिंदी,2023-10-18T15:46:44Z
K95wB70LWIw,UCnYn5NnYWcgRp7J7AxuMv0g,Indian Think Tank Show,2023-10-18T15:49:32Z
mfVwhHSc1WI,UCIvaYmXn910QMdemBG3v1pQ,Zee News,2023-10-18T15:51:38Z
mHbwTZyxOIA,UCTjDhFuGXlhx9Us0gq0VK2w,The Trump Report,2023-10-18T16:00:38Z
-sR07txDCw8,UCIvaYmXn910QMdemBG3v1pQ,Zee News,2023-10-18T16:11:01Z
ceIV0rhxoA4,UCAjBd-r8JWfnRjfhg23nqLQ,News18 Assam/Northeast,2023-10-18T16:13:30Z
eoALi3oo1cY,UCm0yTweyAa0PwEIp0l3N_gA,TalkTV,2023-10-18T16:15:02Z
5TJbwFyQEC4,UCef1-8eOpJgud7szVPlZQAQ,CNN-News18,2023-10-18T16:18:44Z
EDDW5m1Eo0U,UCef1-8eOpJgud7szVPlZQAQ,CNN-News18,2023-10-18T16:23:34Z
RBQBldQs8qU,UCkXopQ3ubd-rnXnStZqCl2w,Zee Business,2023-10-18T16:27:37Z
o9MsR3xvwM0,UCef1-8eOpJgud7szVPlZQAQ,CNN-News18,2023-10-18T16:30:28Z
vUGSJd3Coh0,UCFj2pHO-yp8E-TeEB3-8bkg,Noor Time 24 /7,2023-10-18T16:31:21Z
Je09O3VMe-g,UCbf0XHULBkTfv2hBjaaDw9Q,News18 Bangla,2023-10-18T16:32:31Z
XS8DBek6akk,UCUg2HOaamu55Xt6pZVVMkIQ,GLOBAL LOOKOUT GEOPOLITICS,2023-10-18T16:34:40Z
GoXOqzaR69s,UCef1-8eOpJgud7szVPlZQAQ,CNN-News18,2023-10-18T16:45:11Z
kIoeDX4FXR4,UCef1-8eOpJgud7szVPlZQAQ,CNN-News18,2023-10-18T16:54:02Z
7iMu4PuCtAo,UCiLpgdJ4plkuPw34ddfU7dQ,Sheelendra Singh,2023-10-18T17:02:35Z
zbVLiiiu9ks,UC6RJ7-PaXg6TIH2BzZfTV7w,Times Now,2023-10-18T17:08:19Z
b_U-SGqal7o,UC6ickpgDIsltU_-8CbZaksQ,ETV Telangana,2023-10-18T17:08:42Z
B1rdFXKzvFI,UCx8Z14PpntdaxCt2hakbQLQ,The Lallantop,2023-10-18T17:15:00Z
mTkdT2s8Dd4,UCSYCo8uRGF39qDCxF870K5Q,Owen Jones,2023-10-18T17:16:02Z
HC6PxzDXDhI,UCIvaYmXn910QMdemBG3v1pQ,Zee News,2023-10-18T17:17:45Z
ResjuEFLBWA,UCef1-8eOpJgud7szVPlZQAQ,CNN-News18,2023-10-18T17:29:50Z
eYkuiBP752M,UCx8Z14PpntdaxCt2hakbQLQ,The Lallantop,2023-10-18T17:30:04Z
xrlKNCCUCb8,UC7wXt18f2iA3EDXeqAVuKng,Republic Bharat,2023-10-18T17:30:10Z
9fhxwLMQ8TY,UCRWFSbif-RFENbBrSiez1DA,ABP NEWS,2023-10-18T17:31:03Z
ZErH7b5rWTI,UCRWFSbif-RFENbBrSiez1DA,ABP NEWS,2023-10-18T17:34:32Z
_ByqaKi9sEM,UCRWFSbif-RFENbBrSiez1DA,ABP NEWS,2023-10-18T17:39:56Z
oFjp34FoFP4,UCMk9Tdc-d1BIcAFaSppiVkw,Times Now Navbharat,2023-10-18T17:42:42Z
qGnrGvdqpdY,UCm7lHFkt2yB_WzL67aruVBQ,Hindustan Times,2023-10-18T17:43:31Z
L6bDAoZpLOk,UCIvaYmXn910QMdemBG3v1pQ,Zee News,2023-10-18T17:47:08Z
ZexfLiFAGKM,UCIvaYmXn910QMdemBG3v1pQ,Zee News,2023-10-18T18:10:00Z
stkAvhF_784,UC_gUM8rL-Lrg6O3adPW9K1g,WION,2023-10-18T18:11:13Z
QeSQWLsoxkM,UCe7btev5a7DOk-xBU5SgqQQ,Professor Tim Wilson,2023-10-18T18:18:57Z
I6WQoYCLyT8,UCIvaYmXn910QMdemBG3v1pQ,Zee News,2023-10-18T18:22:41Z
PWSOFlhZoV0,UCef1-8eOpJgud7szVPlZQAQ,CNN-News18,2023-10-18T18:35:34Z
wAFDI63yvNQ,UCawNWlihdgaycQpO3zi-jYg,Israel Defense Forces,2023-10-18T18:44:49Z
Q7trl-OysYY,UC8p1vwvWtl6T73JiExfWs1g,CBS News,2023-10-18T18:53:23Z
K1hCV9BudTI,UCIvaYmXn910QMdemBG3v1pQ,Zee News,2023-10-18T19:15:01Z
Y31YAx1zTjg,UCBi2mrWuNuyYy4gbM6fU18Q,ABC News,2023-10-18T19:36:28Z
3SShjNtotn8,UCIvaYmXn910QMdemBG3v1pQ,Zee News,2023-10-18T19:45:00Z
3HTSRTghK6k,UCQ-5e5oFiy1kRzEQC7A-jTQ,Infotainment Pulse ,2023-10-18T19:53:37Z
GvDAra1VFnE,UCatt7TBjfBkiJWx8khav_Gg,Piers Morgan Uncensored,2023-10-18T19:58:13Z
Ee6MvBJNG5g,UCIvaYmXn910QMdemBG3v1pQ,Zee News,2023-10-18T20:05:00Z
BjWsc6GCn6Y,UCMk9Tdc-d1BIcAFaSppiVkw,Times Now Navbharat,2023-10-18T20:11:08Z
3qy_RjHL7-8,UCO0akufu9MOzyz3nvGIXAAw,Sky News Australia,2023-10-18T20:16:19Z
hZJV08NEp5Q,UCZFMm1mMw0F81Z37aaEzTUA,NDTV,2023-10-18T20:30:18Z
q_OnQ7YXo9s,UCdZRLTL-eqP-J41XT2wybxA,Join EPP,2023-10-18T20:34:04Z
5Y4dUhLnnuY,UC2a35q7eyzkfoIusBzdH4Hw,Newsweek,2023-10-18T20:54:22Z
uxZmmqkAw1g,UCIvaYmXn910QMdemBG3v1pQ,Zee News,2023-10-18T20:58:14Z
WgTW20LTfmA,UCIvaYmXn910QMdemBG3v1pQ,Zee News,2023-10-18T21:15:01Z
0-KHdUQAKGk,UC9ha3sh4YTCSK83dH6OlWTw,WTVR CBS 6,2023-10-18T21:34:18Z
hbGvargntBg,UCCjG8NtOig0USdrT5D1FpxQ,NewsNation,2023-10-18T21:37:18Z
ALs5VXt3_iQ,UCLX3FrtoIwaTSJbYK4hwo3Q,De Forti Hall,2023-10-18T23:17:49Z
Do7jpSfREl8,UCoRpKmC6a-DdEa1ohxlCgUA,ANI Bharat,2023-10-18T23:19:29Z
F9EDL12yMns,UCIvaYmXn910QMdemBG3v1pQ,Zee News,2023-10-19T00:00:07Z
WTGu7QUkOGA,UC0AvY8x1GqGIst1C4yygXWw,OfficialACLJ,2023-10-19T00:00:19Z
LXxwLpIRdgY,UCQVhgOxzt5W1fZhOd0l2E6g,The First,2023-10-19T00:15:01Z
oZGTLFByKXA,UCRK4FDIkUyslEAUdyRDdCtQ,NEWS9 Live,2023-10-19T00:26:08Z
0EBlxX_Olbk,UCIvaYmXn910QMdemBG3v1pQ,Zee News,2023-10-19T00:50:00Z
xZGo-yEHlcc,UC-crZTQNRzZgzyighTKF0nQ,News18 Punjab,2023-10-19T01:00:32Z
K1Vx8WezPvU,UCGX7nGXpz-CmO_Arg-cgJ7A,PBD Podcast,2023-10-19T01:15:29Z
NS6DyKFEerY,UCP6HGa63sBC7-KHtkme-p-g,USA TODAY,2023-10-19T01:18:38Z
a69eY6GM1MM,UCt4t-jeY85JegMlZ-E5UWtA,Aaj Tak,2023-10-19T01:23:55Z
9IYQeC4Gfp8,UCef1-8eOpJgud7szVPlZQAQ,CNN-News18,2023-10-19T01:29:43Z
U1XR5bky4-w,UCNbIDJNNgaRrXOD7VllIMRQ,One America News Network,2023-10-19T01:39:38Z
O-fzpuQypA4,UCkSllUpc8cedRe85JkqLiBQ,Salaam TV,2023-10-19T01:53:01Z
jhrtqBEOQJc,UCafYgzpyw7aIUYOLjjADu7w,News18 UP Uttarakhand,2023-10-19T01:58:23Z
czWXVe8nGTY,UCoohiAw8b6Id-KlvU43NUDA,HINDUSTAN 24×7,2023-10-19T02:11:23Z
sIvsd_hEhTk,UC-crZTQNRzZgzyighTKF0nQ,News18 Punjab,2023-10-19T02:30:31Z
V4rCR0S1ISE,UCUEByM46z5bLV06nr-SZ8LA,FACt HINDi,2023-10-19T03:00:13Z
Mdzrur43Nm0,UCMk9Tdc-d1BIcAFaSppiVkw,Times Now Navbharat,2023-10-19T03:00:37Z
7XNHbKMYwNo,UCMk9Tdc-d1BIcAFaSppiVkw,Times Now Navbharat,2023-10-19T03:02:17Z
HKfngJ3na08,UCYPvAwZP8pZhSMW8qs7cVCw,India Today,2023-10-19T03:44:24Z
nKkY9PEPVgQ,UCl5LQp_bfwmmHwPZP8UA4Rw,Preethi Anandaraj,2023-10-19T04:11:44Z
vnRvz-uN2oQ,UC_gUM8rL-Lrg6O3adPW9K1g,WION,2023-10-19T04:30:13Z
NBZrb1HUc5A,UC3ijTadOgOLbGWGC1rRy9lA,WVUE FOX 8 New Orleans,2023-10-19T04:33:28Z
Kv8ftKZbiyw,UC9CYT9gSNLevX5ey2_6CK0Q,NDTV India,2023-10-19T04:47:03Z
9Z1AuMuQxdg,UCef1-8eOpJgud7szVPlZQAQ,CNN-News18,2023-10-19T05:01:17Z
Zw3g91XR4yw,UCl8zB2LZOiLLV0jYUMpTEgA,Scroll.in,2023-10-19T05:28:13Z
8phkOXNBqsQ,UCJFOER35ggIWwsXh2ZDnqyg,The Economic Times,2023-10-19T05:35:39Z
DG6HeS0Idpo,UC_gUM8rL-Lrg6O3adPW9K1g,WION,2023-10-19T05:41:43Z
-PbLHVBoVXc,UCBwc2cbPpvxNCNEI2-8YrqQ,News18 MP Chhattisgarh,2023-10-19T05:45:00Z
HCf_0Zmek4Y,UCIYLOcEUX6TbBo7HQVF2PKA,9 News Australia,2023-10-19T05:46:07Z
LBxPcow3NZs,UC3_TTermAnf2fcLe-QX7BVQ,Punjab Kesari TV,2023-10-19T05:57:13Z
MI4Xat7iMQ4,UCYPvAwZP8pZhSMW8qs7cVCw,India Today,2023-10-19T05:59:10Z
CdnL57W-_UI,UC8LjaLk1FQaIIzZMaRF9ujw,Muslim Network TV,2023-10-19T06:02:58Z
KNeHwY8BKIA,UCPP3etACgdUWvizcES1dJ8Q,News18 India,2023-10-19T06:04:44Z
yS7t8VZtQOs,UCbf0XHULBkTfv2hBjaaDw9Q,News18 Bangla,2023-10-19T06:09:29Z
wBsNfE9E9B4,UCPP3etACgdUWvizcES1dJ8Q,News18 India,2023-10-19T06:31:59Z
jBG4_sme6eM,UCmRbHAgG2k2vDUvb3xsEunQ,CNBC-TV18,2023-10-19T06:37:54Z
q_N5Tn3U9fQ,UC_gUM8rL-Lrg6O3adPW9K1g,WION,2023-10-19T06:46:13Z
54yDVyxRcSk,UCZG2x8qxKFmDrNzWtfEaXyQ,THe Official HinDu GroUp,2023-10-19T07:38:27Z
fGm6CHytGa0,UCPP3etACgdUWvizcES1dJ8Q,News18 India,2023-10-19T07:45:02Z
3L01veSFMxA,UClraReGP8ERiVXBZxDIdJwA,NewsUpdate with Abdul wahab,2023-10-19T07:59:39Z
NuZHHwiCWSA,UCNye-wNBqNL5ZzHSJj3l8Bg,Al Jazeera English,2023-10-19T08:17:26Z
mAtg6Y2-dAY,UCSbmYI_gAD8c8ipZsrbxKWQ,NEWS LIONS CHRONICLE,2023-10-19T08:30:08Z
wwKdPu1u4Ds,UCm7lHFkt2yB_WzL67aruVBQ,Hindustan Times,2023-10-19T08:32:39Z
u7_yl2wbGhk,UCBwc2cbPpvxNCNEI2-8YrqQ,News18 MP Chhattisgarh,2023-10-19T08:53:42Z
zAAXotcvhto,UCgyrDMzhWF6zhL6j6lKd4hQ,Sociopandit,2023-10-19T09:01:20Z
-oTOVM7s8z0,UC7PwfNI2zuokhCctN9VymLg,Protidiner Bangladesh,2023-10-19T09:15:56Z
1jr3iK6rADc,UCwcH94eG9YYAn1G2nfw3j-w,KADAK,2023-10-19T09:16:48Z
9htA6iHyA4o,UCkM_nKdbQVA75N0t8elraNg,LCR,2023-10-19T09:35:47Z
rBZtG9MjUEc,UCckHqySbfy5FcPP6MD_S-Yg,Times Of India,2023-10-19T09:40:17Z
W24J2qLwdg4,UCoRpKmC6a-DdEa1ohxlCgUA,ANI Bharat,2023-10-19T09:46:15Z
4EvL05uvriY,UC9IQhNgS43lmUdU-KdGyb0A,News18 Urdu,2023-10-19T10:25:40Z
04I9YyWj1Uk,UCgZXuBvCJ5qMtpuW94pkm9g,Days of world ,2023-10-19T10:30:00Z
ysfeya-QCzo,UCLrltWA3Cg3zuoqlP7DrOAg,Splash of Colourful Life,2023-10-19T10:37:00Z
mXOqmtEWj8M,UC_gUM8rL-Lrg6O3adPW9K1g,WION,2023-10-19T10:52:55Z
GYPZqw17puc,UCPP3etACgdUWvizcES1dJ8Q,News18 India,2023-10-19T11:15:07Z
1eOIhzkcvA8,UCTfl1yEBLRWT-sem-0O-vaQ,30 seconds,2023-10-19T11:27:31Z
Ll47Lfn2Qg8,UCIZJ9a6P_nxCFJTmL0gh_IQ,Al Arabiya English,2023-10-19T11:28:22Z
_0PVsEujsPc,UCYPvAwZP8pZhSMW8qs7cVCw,India Today,2023-10-19T11:48:03Z
sKMBsx79Gcc,UCNye-wNBqNL5ZzHSJj3l8Bg,Al Jazeera English,2023-10-19T11:54:18Z
d-N4955bWrA,UCef1-8eOpJgud7szVPlZQAQ,CNN-News18,2023-10-19T11:56:55Z
FfdY53LU1FM,UC7pluR6rB5KZIbN2IxamzxQ,BBC News Marathi,2023-10-19T12:09:33Z
U--5xgw2ulU,UCkBS_xU1WQ7FVsDoQ_OPeDg,CBS Chicago,2023-10-19T12:12:36Z
CEePMQjRRzE,UCm0yTweyAa0PwEIp0l3N_gA,TalkTV,2023-10-19T12:13:18Z
i_NsyWCZR6s,UCRWFSbif-RFENbBrSiez1DA,ABP NEWS,2023-10-19T12:16:01Z
U_CtBQXEaok,UC-crZTQNRzZgzyighTKF0nQ,News18 Punjab,2023-10-19T12:30:24Z
vpp3-6W5_vA,UC3dlK_hbhZkPFPWPl_pxzVw,On The Best,2023-10-19T12:35:00Z
Q-2vaCT9ae0,UC3DoYiL7X_N1Ta1o4HE9Mlg,Emmanuel Acho,2023-10-19T13:00:10Z
63k2aKYRFAk,UCiJL7z36i9PGrennnNaS3Pg,Mumbai Mahanagar,2023-10-19T13:02:32Z
a8u7hIzRXPI,UCQMFSPkfhjmuVR_t2e3E0Dw,Swami Yogesh Nishabad ,2023-10-19T13:25:08Z
i9O6c76YRcY,UCRWFSbif-RFENbBrSiez1DA,ABP NEWS,2023-10-19T13:30:25Z
cf6D0u_usWI,UCm0yTweyAa0PwEIp0l3N_gA,TalkTV,2023-10-19T13:32:58Z
WLXJQoqdYVY,UC8pFrLgUwI_z1u2tEVWp_Gw,Rajasthani Gurjars,2023-10-19T13:36:56Z
k9Khlb5CTT8,UC7PwfNI2zuokhCctN9VymLg,Protidiner Bangladesh,2023-10-19T13:43:18Z
9cmnG9FezCc,UCNye-wNBqNL5ZzHSJj3l8Bg,Al Jazeera English,2023-10-19T14:01:25Z
I9BcQWTI-pg,UCef1-8eOpJgud7szVPlZQAQ,CNN-News18,2023-10-19T14:02:17Z
iBHEWDycfrM,UCtTSYCBRRUStmL2oQLaqbDQ,The New Arab,2023-10-19T14:05:06Z
8MSGYz334Nk,UCMLRLJ2AQBW0ZJH_YNmOMeA,ACMCU (ACMCU),2023-10-19T14:18:06Z
L2HXBHStF4U,UC1NdDe1sU7OzEUeMyizXJXg,Rakesh Indliya,2023-10-19T14:30:08Z
zUbT_ERIjP0,UCOutOIcn_oho8pyVN3Ng-Pg,TV9 Bharatvarsh,2023-10-19T14:30:10Z
0viBqT7CRBY,UCYI_ychRnL7sJrG6PUSBpQA,CBN News,2023-10-19T14:33:39Z
fO12EUg6-6U,UCm7lHFkt2yB_WzL67aruVBQ,Hindustan Times,2023-10-19T14:35:57Z
OlIzLvUPiNw,UC-crZTQNRzZgzyighTKF0nQ,News18 Punjab,2023-10-19T14:44:06Z
35uAs794qNU,UCLwNTXWEjVd2qIHLcXxQWxA,Timcast IRL,2023-10-19T15:00:02Z
I19k74AcCJk,UCg5JPXOrotz6nirAcUUo7sg,Hello CK Master,2023-10-19T15:17:29Z
TZmKW1r95XI,UCQlRmdKC6XEhp50gyD6lSgQ,EditMode Studio,2023-10-19T15:28:37Z
EcQZxLc8L6I,UCYI_ychRnL7sJrG6PUSBpQA,CBN News,2023-10-19T15:30:03Z
P6SB7odmASY,UCOjgc1p2hJ4GZi6pQQoXWYQ,Oneindia Hindi | वनइंडिया हिंदी,2023-10-19T15:36:01Z
OataTGJ16Z4,UC_gUM8rL-Lrg6O3adPW9K1g,WION,2023-10-19T15:48:19Z
yyNLvL_8SeY,UCNye-wNBqNL5ZzHSJj3l8Bg,Al Jazeera English,2023-10-19T15:49:37Z
YDv0mTxPMXA,UCNye-wNBqNL5ZzHSJj3l8Bg,Al Jazeera English,2023-10-19T15:54:06Z
iFV_aH3QZOY,UClUXjz1MlUUwWC6PCBsp6cg,ACTIVIST SAURABH SRIVASTAVA ,2023-10-19T15:55:57Z
n-9U0ydLAw4,UCju0GYcvcR4i1d6Q9S7sXZQ,The Messenger,2023-10-19T16:00:38Z
tk1CTSv9AUk,UC7wXt18f2iA3EDXeqAVuKng,Republic Bharat,2023-10-19T16:22:39Z
-JEbGuMAHXs,UCMk9Tdc-d1BIcAFaSppiVkw,Times Now Navbharat,2023-10-19T16:33:37Z
Xdbz7NTNVAo,UCOutOIcn_oho8pyVN3Ng-Pg,TV9 Bharatvarsh,2023-10-19T17:04:35Z
-FAKXIrzEgw,UCOutOIcn_oho8pyVN3Ng-Pg,TV9 Bharatvarsh,2023-10-19T17:17:59Z
5QSvVVE9AO8,UCeKWhJzqXDDl1Xh517gUI8Q,Global Insight News,2023-10-19T17:19:01Z
3c9EkOfF96c,UC23qzyCVOAu7bx9zEuZyQjg,SP Stories,2023-10-19T17:21:06Z
PIISi-zlek0,UCSKgOW8Pg_eZymYJyJc432g,Dainik Jagran - दैनिक जागरण,2023-10-19T17:27:52Z
tDetHRb7YFQ,UCPgLNge0xqQHWM5B5EFH9Cg,The Telegraph,2023-10-19T17:30:07Z
Fiw6Qainoxk,UC_gUM8rL-Lrg6O3adPW9K1g,WION,2023-10-19T17:35:41Z
Vo0A93QHsZk,UC-SJ6nODDmufqBzPBwCvYvQ,CBS Mornings,2023-10-19T17:56:37Z
llHvqAb9qJU,UCr1oNO-gJz4cl6FcBw1rEig,niks news,2023-10-19T18:30:28Z
jOIyLwwT1-c,UCBWrATJO9zWrf7ytz5Ri6Xw,Islamic Deeni Baatein ,2023-10-19T18:30:34Z
Ixbt0eaTY5o,UCz8QaiQxApLq8sLNcszYyJw,Firstpost,2023-10-19T18:35:33Z
FSMSeI0nSlw,UCOmfcmDrWs7iJrXx7V5Cnwg,UATV English,2023-10-19T20:30:01Z
qnAP_8lTzoA,UCKe4Fry0MyvT_SRrmn0_MiQ,WISH-TV,2023-10-19T21:20:33Z
ITxPkcj4V-0,UCMCioqY4zblWt7Uw0E0VTGA,The Benjamin Dixon Show,2023-10-19T21:43:10Z
eZuVSvNsnaQ,UCeY0bbntWzzVIaj2z3QigXg,NBC News,2023-10-19T21:45:02Z
8tVymVhf4xg,UCR0fZh5SBxxMNYdg0VzRFkg,Middle East Eye,2023-10-20T01:33:31Z
90S0slB-DFE,UCIvaYmXn910QMdemBG3v1pQ,Zee News,2023-10-20T01:56:35Z
mj2VNffehqM,UCQvcXzhYS0X-fH6PjVGEBDw,AranSei,2023-10-20T02:00:17Z
S7fGnoLYgMM,UCZrkNqKs5iW4WF3VfmCds1w,यश राज पटेल ( Yash Raj Patel )🔥,2023-10-20T02:30:10Z
Mh63WEOT5b4,UChjd5M1K5Y3vQLgmIveZyzg,The Australian,2023-10-20T02:49:57Z
c794pkQKhLU,UCWCEYVwSqr7Epo6sSCfUgiw,MIRROR NOW,2023-10-20T03:35:54Z
mfYodTS8an0,UC52X5wxOL_s5yw0dQk7NtgA,Associated Press,2023-10-20T03:51:04Z
jyTPwOXiJG8,UCBwc2cbPpvxNCNEI2-8YrqQ,News18 MP Chhattisgarh,2023-10-20T06:15:01Z
VDD4B3W7KAc,UCef1-8eOpJgud7szVPlZQAQ,CNN-News18,2023-10-20T06:43:18Z
U0mIvEKIQTM,UC-crZTQNRzZgzyighTKF0nQ,News18 Punjab,2023-10-20T06:45:00Z
LtCpOeBPIvg,UCPP3etACgdUWvizcES1dJ8Q,News18 India,2023-10-20T07:26:47Z
oPX4VOUEKWc,UC6kMU8Kcb_BjV_b6k5j3Mdw,Deepak Sharma,2023-10-20T08:12:07Z
0rNQb73NLMU,UC_gUM8rL-Lrg6O3adPW9K1g,WION,2023-10-20T08:27:02Z
vsEbTx0AWYs,UCafYgzpyw7aIUYOLjjADu7w,News18 UP Uttarakhand,2023-10-20T08:53:36Z
KLThQGd2yXc,UC9K2vawfgSxUS5ZdPkmQajA,Just ShubhamZ,2023-10-20T10:39:27Z
LAs6yCyzKek,UCPP3etACgdUWvizcES1dJ8Q,News18 India,2023-10-20T10:45:10Z
BoKpojWuV6w,UCPP3etACgdUWvizcES1dJ8Q,News18 India,2023-10-20T10:50:09Z
1D-7pJjyNds,UC_YnP7DDnKzkkVl3BaHiZoQ,DIE ZEIT ,2023-10-20T11:00:02Z
ev9mqQfMCTA,UCAk8t03yI3w9jelvafBVFnw,SPACE WHISPERS,2023-10-20T11:00:34Z
fk7Lx7_m5Nk,UCUK49UvmYWYLiB7_bZFuFZQ,News18 Odia,2023-10-20T12:33:18Z
wVZbu5LSyLI,UCw0y9zO1RXI6uEzoKbbnxTQ,AtlanticCouncil,2023-10-20T12:40:36Z
mU4iKcZoKP4,UC-CSyyi47VX1lD9zyeABW3w,Dhruv Rathee,2023-10-20T13:12:44Z
PIeAdWhcqS8,UC_gUM8rL-Lrg6O3adPW9K1g,WION,2023-10-20T13:45:02Z
cOqWWM9dEiA,UCwqusr8YDwM-3mEYTDeJHzw,Republic World,2023-10-20T14:00:13Z
lNT1nILxVkU,UC4zGS_Ap-XpqwGki4E6n3uQ,Far Media World,2023-10-20T14:54:54Z
buA8WxgOP7E,UC-crZTQNRzZgzyighTKF0nQ,News18 Punjab,2023-10-20T15:30:08Z
vUOkQ9aX9Z0,UC3DoYiL7X_N1Ta1o4HE9Mlg,Emmanuel Acho,2023-10-20T15:30:11Z
M_4vSSTrfiA,UC-Nq4RxWbb9eeOSMtBbd07g,Meaningful Minute,2023-10-20T15:35:18Z
wVolClJncJc,UC52X5wxOL_s5yw0dQk7NtgA,Associated Press,2023-10-20T15:36:58Z
FhqUjdll-HU,UCG61qSjJAyh_nKX60GYcO1g,Tyson James,2023-10-20T16:00:09Z
k_5qr93ts-0,UCPP3etACgdUWvizcES1dJ8Q,News18 India,2023-10-20T16:39:00Z
MUudUN-CkC0,UCw0y9zO1RXI6uEzoKbbnxTQ,AtlanticCouncil,2023-10-20T17:29:19Z
7jgEkK2tWFA,UCzQUP1qoWDoEbmsQxvdjxgQ,PowerfulJRE,2023-10-20T17:32:15Z
juAJiM4mWNE,UC9IQhNgS43lmUdU-KdGyb0A,News18 Urdu,2023-10-20T21:05:37Z
Dy0VWotnF9U,UCYI_ychRnL7sJrG6PUSBpQA,CBN News,2023-10-20T21:32:10Z
N3-A289J2bo,UC4k2EmaqwIeGoBvc9QLA0Ww,Vent And Reflect,2023-10-20T21:42:14Z
HPpgd4ptoTE,UC-crZTQNRzZgzyighTKF0nQ,News18 Punjab,2023-10-21T00:15:00Z
GzoVjlOH8_U,UCafYgzpyw7aIUYOLjjADu7w,News18 UP Uttarakhand,2023-10-21T00:30:07Z
0nfA4U1ws1I,UCafYgzpyw7aIUYOLjjADu7w,News18 UP Uttarakhand,2023-10-21T02:30:00Z
ZQ-4xE96kq8,UCR0fZh5SBxxMNYdg0VzRFkg,Middle East Eye,2023-10-21T04:40:09Z
32Qp8hVg9X0,UC7fWeaHhqgM4Ry-RMpM2YYw,TRT World,2023-10-21T07:04:06Z
smX0zYxEtQo,UCR0fZh5SBxxMNYdg0VzRFkg,Middle East Eye,2023-10-21T07:53:27Z
xF2p09n9Iv0,UCPP3etACgdUWvizcES1dJ8Q,News18 India,2023-10-21T08:30:51Z
M7KdaoTjpfU,UCKZnou2_WZyAB2708vuohsg,Adbhut Kahaniyon Ka Safar,2023-10-21T09:21:57Z
eZJmsxiX0hI,UCrdPiSPVW0rtRsI002BX8iw,Mojo Story,2023-10-21T11:46:47Z
-5rVrxj841A,UCCTDelZDgxTM8GdPJHAWTyA,Duniakagyan - Explore the World ,2023-10-21T12:00:00Z
6SDWfa1J0As,UCz8QaiQxApLq8sLNcszYyJw,Firstpost,2023-10-21T12:23:03Z
GR-embMmMQc,UCz8QaiQxApLq8sLNcszYyJw,Firstpost,2023-10-21T14:27:09Z
D6Xo62U8KwA,UC7pluR6rB5KZIbN2IxamzxQ,BBC News Marathi,2023-10-21T14:30:02Z
YJr28bzRUe0,UCTrQ7HXWRRxr7OsOtodr2_w,Channel 4 News,2023-10-21T15:36:34Z
Zx8RtQu0Xpc,UC3oKOKlDjM93TKyKLSCOWSQ,alexplain,2023-10-21T16:08:54Z
b9frK-lBLVk,UCKdALw0BErtqmGI2AUtbbhg,TMJ4 News,2023-10-21T17:00:21Z
dSF6-jDunJc,UCm7lHFkt2yB_WzL67aruVBQ,Hindustan Times,2023-10-21T18:28:20Z
Ze_D2MO2eYU,UCO0akufu9MOzyz3nvGIXAAw,Sky News Australia,2023-10-21T20:43:08Z
wsl0WX7RoQc,UCwroZhVLHBfEdFPcOLEz-LA,KnowKite,2023-10-21T20:46:37Z
75Mnq8zvQ6s,UC16niRr50-MSBwiO3YDb3RA,BBC News,2023-10-21T22:24:10Z
x7APtoGerMg,UCaXkIU1QidjPwiAYu6GcHjg,MS NOW,2023-10-21T23:30:10Z
e8GD7nCPrEE,UCwHYp-o1OlEVnMRoXLoaaOA,Meaningful People,2023-10-22T02:45:25Z
0ONnb-wJ41E,UCwHYp-o1OlEVnMRoXLoaaOA,Meaningful People,2023-10-22T02:57:38Z
ySbBcvsAlAg,UCVOyyXupdtEblFbno_4ibLQ,UPSC Unstoppables by Unacademy,2023-10-22T04:30:18Z
VuGaEJb5sN4,UCJEDFSxHHOW1PpBccdSxOTA,The Indian Express,2023-10-22T07:34:03Z
aXNTMSZhgjM,UCef1-8eOpJgud7szVPlZQAQ,CNN-News18,2023-10-22T08:36:07Z
AwSU_AUkHNA,UCm7lHFkt2yB_WzL67aruVBQ,Hindustan Times,2023-10-22T08:36:50Z
0ypb9z5D3m8,UCNye-wNBqNL5ZzHSJj3l8Bg,Al Jazeera English,2023-10-22T09:49:52Z
KWVizyey_LQ,UC84_n0OTQ5Pepd249wWWPHw,Gilani Channel,2023-10-22T13:52:01Z
WdiYjN2vXUc,UCmV6jH7U5IL4U5Qw4G4Hd4A,SimplyShula,2023-10-22T14:15:48Z
UqZnTVt_5LU,UCCXoCcu9Rp7NPbTzIvogpZg,Fox Business,2023-10-22T14:30:07Z
DzSeYNxZ8KE,UCC5uSzX4iI9ojQ996vQde3Q,"ATTY REY CARTOJANO, EnP, REC, REA, REB",2023-10-22T15:09:23Z
B0yRb9w87Nc,UCh_-plx014HzB5dPdj1-1Hg,quran&nature,2023-10-22T16:25:20Z
9NYp9BNjlpk,UCSvP0URW1CmkzkwdAsR9kXA,TANN,2023-10-22T21:15:45Z
ORl0W0HPY7A,UCiTCB-B_weEmwHk7ifNobQw,BBC News Telugu,2023-10-23T04:34:45Z
niFENO1YwGQ,UCbxNX_4Ae1bNZkkbExZOLjQ,AJAY YADAV,2023-10-23T04:40:00Z
Ke9z1eHUcco,UCYPvAwZP8pZhSMW8qs7cVCw,India Today,2023-10-23T07:13:02Z
TPDSbBydLW4,UCknLrEdhRCp1aegoMqRaCZg,DW News,2023-10-23T08:42:08Z
CCcsl2mk-u0,UCYPvAwZP8pZhSMW8qs7cVCw,India Today,2023-10-23T10:50:09Z
mwGC1ghUpW0,UCQXHTFnQYFTqN0MqmNh9EIA,BBC World Service,2023-10-23T12:00:49Z
Jy500pMwPQw,UCvullXDbWWBc2vlh_gHO-Qw,Monitor India,2023-10-23T12:11:20Z
J-veyJYInUA,UCQfwfsi5VrQ8yKZ-UWmAEFg,FRANCE 24 English,2023-10-23T12:37:05Z
3_JmFyyaiMY,UCCgQaXjsJ6EdFPZeTFQoSyw,Brut India,2023-10-23T12:37:16Z
xawuLI9aS0Q,UCYPvAwZP8pZhSMW8qs7cVCw,India Today,2023-10-23T12:50:24Z
4iEq2hUZMMQ,UCfmSignFWkk1lw4015hCyyQ,StandWithUs,2023-10-23T13:47:35Z
WN9vNI3nYnw,UCm0yTweyAa0PwEIp0l3N_gA,TalkTV,2023-10-23T14:15:02Z
J6gA9p9wLYM,UCDrLGkZTcNCshOLiKi5NtEw,WGN News,2023-10-23T14:25:49Z
viecpgh7LkQ,UCoMdktPbSTixAyNGwb-UYkQ,Sky News,2023-10-23T15:50:50Z
kBPhNcDIGLw,UCmphdqZNmqL72WJ2uyiNw5w,ABPLIVE,2023-10-23T16:32:24Z
gb9M7qJNAiA,UCGw5djHzuQET8Emk75XIkuQ,Samantha Granville,2023-10-23T16:36:35Z
A_3-d0gqtrE,UC4q5kX4AC0bp--l7LVNAIaw,Tmc News,2023-10-23T17:36:42Z
Zx1ra54FXgw,UCmGSJVG3mCRXVOP4yZrU1Dw,Johnny Harris,2023-10-23T20:19:35Z
QH7X2wZ6LiQ,UCj7wKsOBhRD9Jy4yahkMRMw,CGTN America,2023-10-23T20:37:56Z
Ch6T9oR6tro,UC16niRr50-MSBwiO3YDb3RA,BBC News,2023-10-23T22:06:40Z
fkFbv_X1NPU,UC6ZFN9Tx6xh-skXCuRHCDpQ,PBS NewsHour,2023-10-23T22:57:37Z
nGxjHvkXjIk,UCYPvAwZP8pZhSMW8qs7cVCw,India Today,2023-10-24T04:45:01Z
5E3zRf_vczk,UCvi6hEzLM-Z_unKPSuuzKvg,ANC 24/7,2023-10-24T05:11:39Z
RqDcWIhmJyI,UCNye-wNBqNL5ZzHSJj3l8Bg,Al Jazeera English,2023-10-24T06:47:26Z
07xEzBy8S10,UCNye-wNBqNL5ZzHSJj3l8Bg,Al Jazeera English,2023-10-24T08:25:33Z
1682eyZSCGY,UCN7B-QD0Qgn2boVH5Q0pOWg,BBC News Hindi,2023-10-24T08:45:56Z
3u-KZ-Fwuig,UCPQLFnMOXPrsTZZt3tZ_Zpw,Reaction Craze,2023-10-24T09:09:55Z
XayGlzx7jJo,UCoMdktPbSTixAyNGwb-UYkQ,Sky News,2023-10-24T09:47:56Z
VNqQ0D6sI8Y,UC_gUM8rL-Lrg6O3adPW9K1g,WION,2023-10-24T10:28:51Z
2d0KaPg5awU,UCm7lHFkt2yB_WzL67aruVBQ,Hindustan Times,2023-10-24T11:15:44Z
5axdf3A7v_Y,UCNZqH5XCY250Zm6Uoj9xLEw,Penny Appeal USA,2023-10-24T14:42:43Z
zvXoKun3wjo,UCYI_ychRnL7sJrG6PUSBpQA,CBN News,2023-10-24T14:49:45Z
Kd4r5Bd5Lrw,UCt9aW5-rWamTjJRad6d9UOQ,My Left Eye,2023-10-24T15:43:18Z
148kUvPXakM,UC16niRr50-MSBwiO3YDb3RA,BBC News,2023-10-24T16:02:37Z
6c9hEhB4u0M,UCHjm6wybRbldhqveS7c2WTA,Insider News,2023-10-24T16:59:28Z
XckMQU0sm5M,UCknLrEdhRCp1aegoMqRaCZg,DW News,2023-10-24T18:07:03Z
oi9A3nlbt7Q,UCBi2mrWuNuyYy4gbM6fU18Q,ABC News,2023-10-24T18:14:02Z
dFs5Iai5UhM,UC2x_qNZXKDxNP1j4jvHATRQ,Face the Nation,2023-10-24T19:04:23Z
15JWLF3Na5Y,UCSDoa_BYa7HSKDjGpkWk1Pg,Latest News,2023-10-24T23:33:36Z
-lDm35CcDGc,UCeY0bbntWzzVIaj2z3QigXg,NBC News,2023-10-24T23:45:00Z
lpBtKN23QSs,UCHtYUfPnQci6GoUpPlWfrOg,Shekinah News,2023-10-25T03:30:26Z
uEe0__cx-Jw,UCHTK-2W11Vh1V4uwofOfR4w,AP Archive,2023-10-25T03:49:50Z
RLi1fYaKrR4,UCvullXDbWWBc2vlh_gHO-Qw,Monitor India,2023-10-25T05:35:47Z
b4uExJ1A2Qw,UCN7B-QD0Qgn2boVH5Q0pOWg,BBC News Hindi,2023-10-25T07:06:32Z
YZFqO72j5fE,UCwAAeOT_Yaw6wJKMQ9Kh0KA,The Arab Posts,2023-10-25T07:31:07Z
nUfWTHbCS78,UCtL5p5kTIgWA3bcskUccdyw,Media Education Foundation,2023-10-25T09:20:15Z
zF5GRHi0K_4,UCckHqySbfy5FcPP6MD_S-Yg,Times Of India,2023-10-25T10:30:08Z
I2H9IbvthHk,UCK7tptUDHh-RYDsdxO1-5QQ,The Wall Street Journal,2023-10-25T12:00:16Z
jwo2zI8ItRw,UCshwRhftzkiov5wKR7M_LsQ,The Independent,2023-10-25T12:25:40Z
8PecdFQLYFw,UCKVVrBafsjVelf76e2U6d7Q,knowledge gram by sagar,2023-10-25T13:46:39Z
XTWb0SH6jMw,UCESz8P8IVAdOV-vcfavS1qA,Jewish Learning Institute,2023-10-25T14:00:21Z
DgZH-uoPPwU,UCm7lHFkt2yB_WzL67aruVBQ,Hindustan Times,2023-10-25T16:00:13Z
c0DGW9nvI7E,UCDRIjKy6eZOvKtOELtTdeUA,Breaking Points,2023-10-25T16:00:27Z
tlIg09t0Ui4,UCatt7TBjfBkiJWx8khav_Gg,Piers Morgan Uncensored,2023-10-25T16:00:47Z
wBbj-5aMB7c,UC7fWeaHhqgM4Ry-RMpM2YYw,TRT World,2023-10-25T17:52:27Z
1z8AkAAJk4Y,UCawNWlihdgaycQpO3zi-jYg,Israel Defense Forces,2023-10-25T19:13:05Z
UF118-5cMUM,UCr5jq6MC_VCe1c5ciIZtk_w,Center for Strategic & International Studies,2023-10-25T20:21:15Z
iXcGveZyKKs,UCsefBCbI7P5Xr-edSOpbF4A,WBIR Channel 10,2023-10-25T22:17:19Z
Cx45bmvDrC8,UCOutOIcn_oho8pyVN3Ng-Pg,TV9 Bharatvarsh,2023-10-26T01:16:45Z
P5nAQsW03tI,UCm7lHFkt2yB_WzL67aruVBQ,Hindustan Times,2023-10-26T08:15:08Z
EgVSpP9-7V8,UCprfx1R3jWq0zBOZTne9Stg,Emergency Alliance,2023-10-26T08:27:21Z
PDV9p9hrn2Q,UCprfx1R3jWq0zBOZTne9Stg,Emergency Alliance,2023-10-26T08:31:00Z
BjXHCTtJDWE,UCSrZ3UV4jOidv8ppoVuvW9Q,euronews,2023-10-26T11:08:54Z
lSdxZMGEjcU,UCX4py0rkBIdjUqNJCH_JQDw,No Comment TV,2023-10-26T11:16:05Z
HYW1m9P16-U,UCYPvAwZP8pZhSMW8qs7cVCw,India Today,2023-10-26T12:46:36Z
AFqD7ZGlX7g,UCwcH94eG9YYAn1G2nfw3j-w,KADAK,2023-10-26T13:09:05Z
wkNLJmdfMko,UCaADzQEp9eYu9PTmJ28_-HQ,Let the Quran Speak,2023-10-26T13:23:45Z
2JnOJHb7n-4,UC6FFYdsWLEpBXXjhz0an3kg,CapeTalk,2023-10-26T13:52:06Z
SpIIjzS2BIo,UCatt7TBjfBkiJWx8khav_Gg,Piers Morgan Uncensored,2023-10-26T15:00:22Z
xzXapCUxHuo,UC_gUM8rL-Lrg6O3adPW9K1g,WION,2023-10-26T15:05:44Z
UGMWDvDbWVY,UC2m77KGMIKZCD0Kw35-4shQ,Yuval Noah Harari ,2023-10-26T15:26:51Z
7fPtN4hVlFA,UCoMdktPbSTixAyNGwb-UYkQ,Sky News,2023-10-26T17:45:19Z
8gSscE5Lqlg,UCpxdGwLq63mkJUk242X2-jw,TIME Breaking News,2023-10-26T18:06:46Z
MRIP5HUs784,UCPu0WSI3n22ljILK38hIdpQ,Agmad News,2023-10-26T22:00:11Z
H1H7H1XaQjo,UCknLrEdhRCp1aegoMqRaCZg,DW News,2023-10-26T22:54:11Z
CDuNZ81gVtI,UCuEUwPemhl5QmznkSEziNIg,Independent ,2023-10-27T00:28:15Z
vCkvw0r61tc,UCt4t-jeY85JegMlZ-E5UWtA,Aaj Tak,2023-10-27T06:54:23Z
UmUrUubsEnw,UCw3fku0sH3qA3c3pZeJwdAw,Daily Mail World,2023-10-27T07:55:43Z
nYaRwzI4tTM,UCshwRhftzkiov5wKR7M_LsQ,The Independent,2023-10-27T08:19:30Z
bM78IGKItD4,UCQfwfsi5VrQ8yKZ-UWmAEFg,FRANCE 24 English,2023-10-27T09:46:11Z
ocBlFbO8F4g,UCshwRhftzkiov5wKR7M_LsQ,The Independent,2023-10-27T10:55:19Z
rbHQEPWc3MY,UCkXopQ3ubd-rnXnStZqCl2w,Zee Business,2023-10-27T11:21:16Z
Gx7fPqU5zfo,UCSgkQbOE1TOrIJEjDx5uYrA,Against The Tide66,2023-10-27T12:11:10Z
JY39_-N5q0o,UCm0yTweyAa0PwEIp0l3N_gA,TalkTV,2023-10-27T12:15:01Z
iatcRSNaERE,UCbf0XHULBkTfv2hBjaaDw9Q,News18 Bangla,2023-10-27T12:18:38Z
c68UszGaWGQ,UCNye-wNBqNL5ZzHSJj3l8Bg,Al Jazeera English,2023-10-27T14:28:58Z
ner5GMYGebI,UCTfl1yEBLRWT-sem-0O-vaQ,30 seconds,2023-10-27T14:33:12Z
Iyq4DyQZsMk,UC0b_mHEed-q-nWYqxHpBQJw,Currents News,2023-10-27T15:37:21Z
V6lEV6NxT8U,UCTx_jbVz7LqiDUnlej4jFKw,BRIT SOMALI TV,2023-10-27T15:59:58Z
q-RZARzDu4E,UC_gUM8rL-Lrg6O3adPW9K1g,WION,2023-10-27T16:22:55Z
GNcqFattyLE,UC19jkKyJGmYVlYoiIkLNXWg,RadoxKaju,2023-10-27T16:35:29Z
_mwcFEpAYkU,UC7fWeaHhqgM4Ry-RMpM2YYw,TRT World,2023-10-27T16:39:05Z
rIf_RgYMxGc,UCKKutDGjxH8DfsQbrq9Yhgw,The Gaze,2023-10-27T18:30:39Z
ML6JtLqOe5c,UCoMdktPbSTixAyNGwb-UYkQ,Sky News,2023-10-27T19:02:52Z
3YRlCW__kKc,UC3prwMn9aU2z5Y158ZdGyyA,CRUX,2023-10-27T19:45:01Z
lv1SpwwJEW8,UCLXo7UDZvByw2ixzpQCufnA,Vox,2023-10-28T01:32:40Z
cBc55T90mSQ,UCb-qA0VHtCN99di93jyA0Lw,Downtown Boys,2023-10-28T02:28:30Z
mhoP7faUlLw,UCeY0bbntWzzVIaj2z3QigXg,NBC News,2023-10-28T03:08:52Z
W_V9OnkJTLk,UCYPvAwZP8pZhSMW8qs7cVCw,India Today,2023-10-28T04:52:22Z
lpj1Egf_HLw,UCC-YG6gBZNmdxYfQZnwCX4A,Serambinews,2023-10-28T05:18:30Z
8EOcy5Oc9g4,UCYuqT4RphqMP1Vvelz7JCIQ,s.a.rahaman,2023-10-28T05:50:00Z
u94feOdJ20g,UCjOrWlzt18fvdLjI6zw50PA,CricketNews247,2023-10-28T10:30:27Z
I5rnzV7cXD4,UCz8QaiQxApLq8sLNcszYyJw,Firstpost,2023-10-28T10:33:39Z
uqctSq2z78E,UCO0akufu9MOzyz3nvGIXAAw,Sky News Australia,2023-10-28T12:40:19Z
6oNi6saRNyw,UC3prwMn9aU2z5Y158ZdGyyA,CRUX,2023-10-28T14:11:34Z
7C_NOO0Ka7Q,UCef1-8eOpJgud7szVPlZQAQ,CNN-News18,2023-10-28T14:17:54Z
ZTRx_XKrv5A,UCPgLNge0xqQHWM5B5EFH9Cg,The Telegraph,2023-10-28T14:19:46Z
h5Yv3MNOysw,UCrdPiSPVW0rtRsI002BX8iw,Mojo Story,2023-10-28T14:22:38Z
P5LmB6uup3o,UCoMdktPbSTixAyNGwb-UYkQ,Sky News,2023-10-28T18:07:15Z
KVAtcaBaUYI,UCBi2mrWuNuyYy4gbM6fU18Q,ABC News,2023-10-28T18:45:00Z
Y7jeniE-4gY,UCjbQTC0QZGfJb3k2FIFsTuw,the actual story | Global Affairs,2023-10-28T19:30:04Z
9UirtIwKDkg,UCDMUniURkC4-A0-mKAnwR0g,The News You Need,2023-10-28T20:55:17Z
Bxf45Lo34fQ,UCm7lHFkt2yB_WzL67aruVBQ,Hindustan Times,2023-10-29T06:27:31Z
TsSEwqN9ReU,UCwHYp-o1OlEVnMRoXLoaaOA,Meaningful People,2023-10-29T10:45:02Z
YQ3wsOwDXJg,UCkXWisas7nopnXQVgqMwodQ,EU Debates | eudebates.tv,2023-10-29T11:49:09Z
NublLTvYL8U,UCTjDhFuGXlhx9Us0gq0VK2w,The Trump Report,2023-10-29T12:00:26Z
pMVs7akyMh0,UCR0fZh5SBxxMNYdg0VzRFkg,Middle East Eye,2023-10-29T15:53:42Z
SsNIdJ8ccyA,UCYI_ychRnL7sJrG6PUSBpQA,CBN News,2023-10-29T16:46:36Z
ZsCb-O7AUuk,UCuFFtHWoLl5fauMMD5Ww2jA,CBC News,2023-10-29T18:51:27Z
eNkmenRgGUU,UCtTSYCBRRUStmL2oQLaqbDQ,The New Arab,2023-10-29T19:04:24Z
nA91dsgYWF0,UCIvaYmXn910QMdemBG3v1pQ,Zee News,2023-10-29T23:30:07Z
XHMtJ3idLok,UCO0akufu9MOzyz3nvGIXAAw,Sky News Australia,2023-10-30T00:44:25Z
yBSOereWOYY,UCtWWry0cgjWi9C0Ye9sh6og,news.com.au,2023-10-30T01:38:16Z
sBrwMkhW_do,UCN7B-QD0Qgn2boVH5Q0pOWg,BBC News Hindi,2023-10-30T05:00:23Z
lfXWL61rPoU,UCN7B-QD0Qgn2boVH5Q0pOWg,BBC News Hindi,2023-10-30T06:13:43Z
i_lUnQfCBMY,UCvL-wDdrkcgerN9QqMKUwWA,CBA TV English,2023-10-30T08:32:12Z
U2OYC3SqBMc,UC_gUM8rL-Lrg6O3adPW9K1g,WION,2023-10-30T09:58:13Z
jWNFLJNX5rM,UCRIrAXzyn11EzeLpEKhVDuQ,DW தமிழ்,2023-10-30T10:26:08Z
06yILzkzyF8,UC7wXt18f2iA3EDXeqAVuKng,Republic Bharat,2023-10-30T13:11:40Z
8l1KQQF13xQ,UC2x_qNZXKDxNP1j4jvHATRQ,Face the Nation,2023-10-30T17:33:22Z
x6LAFuchDqA,UC8p1vwvWtl6T73JiExfWs1g,CBS News,2023-10-30T19:31:53Z
mickkAE5bhA,UChqUTb7kYRX8-EiaN3XFrSQ,Reuters,2023-10-30T23:01:21Z
X1zVNpxfhSQ,UCNvnHiMQWkL8E6382mrRx-g,David Rovics,2023-10-30T23:27:07Z
NWxzsK3AQdo,UChjd5M1K5Y3vQLgmIveZyzg,The Australian,2023-10-31T00:04:01Z
hwxzjoCdbks,UCS6vJUemygWVf5jAauxhEFg,NSW Jewish Board of Deputies,2023-10-31T00:42:20Z
JLH0lfe1SUA,UCj7wKsOBhRD9Jy4yahkMRMw,CGTN America,2023-10-31T01:14:08Z
qVYYSRtk7Fo,UC-3jIAlnQmbbVMV6gR7K8aQ,The Majority Report w/ Sam Seder,2023-10-31T03:00:32Z
03nr4T2mzM0,UC6RJ7-PaXg6TIH2BzZfTV7w,Times Now,2023-10-31T03:38:16Z
C2Vv_oAjgoI,UCIZJ9a6P_nxCFJTmL0gh_IQ,Al Arabiya English,2023-10-31T07:28:54Z
QPD4C9_6I20,UCJFOER35ggIWwsXh2ZDnqyg,The Economic Times,2023-10-31T07:47:08Z
IX-Chr7FeMM,UCWCEYVwSqr7Epo6sSCfUgiw,MIRROR NOW,2023-10-31T09:19:13Z
Ij4egiwnYjM,UC0EnYUt8dJUYcDgHUFG8vYA,New World Geopolitics,2023-10-31T11:20:03Z
y6UufPc87wY,UCIRAYFbJmrP--jyrC9MAIWQ,DNAIndiaNews,2023-10-31T12:30:41Z
yK7jckzam5c,UCzuqE7-t13O4NIDYJfakrhw,Democracy Now!,2023-10-31T15:08:59Z
dYupQIdoJuw,UCn4sPeUomNGIr26bElVdDYg,NowThis Impact,2023-10-31T16:34:36Z
YrZtK19v-mI,UC5O114-PQNYkurlTg6hekZw,United Nations,2023-10-31T16:43:56Z
DJ0VnweUUIk,UC-SJ6nODDmufqBzPBwCvYvQ,CBS Mornings,2023-10-31T17:57:46Z
jqbZddEw4d8,UC6ZFN9Tx6xh-skXCuRHCDpQ,PBS NewsHour,2023-10-31T18:49:48Z
CdSMtaP71og,UCWm1bNh5bvsUUyY46nfKEMQ,JoeShortClips,2023-10-31T22:26:31Z
j4FhimvFxNE,UCtsLKYlt__Ot4KVXKIW6A9g,Ancient History Empire,2023-10-31T22:37:48Z
cd24N0tF-jY,UCeY0bbntWzzVIaj2z3QigXg,NBC News,2023-10-31T23:45:01Z
qqBDsybUODk,UCDGOY0AagC02mhBtVjfzHaQ,Areva Martin,2023-11-01T00:00:24Z
HpL_rpfu5RE,UCCbjzg0DPRkVaq4OOlgHeRA,TechTalk WorldWide,2023-11-01T00:36:36Z
36kW6Yqm7hU,UCg40OxZ1GYh3u3jBntB6DLg,Forbes Breaking News,2023-11-01T01:45:00Z
WaTUjvqJ20E,UCupvZG-5ko_eiXAupbDfxWw,CNN,2023-11-01T01:47:35Z
s7ir_-XGp5A,UCKjU3KzdbJE1EFcHVqXC3_g,CBC News: The National,2023-11-01T02:28:03Z
15CjNVw-tEU,UCPP3etACgdUWvizcES1dJ8Q,News18 India,2023-11-01T06:06:57Z
_FgKfj71-mo,UCNye-wNBqNL5ZzHSJj3l8Bg,Al Jazeera English,2023-11-01T08:46:16Z
w8Mk-NcRb9k,UCPP3etACgdUWvizcES1dJ8Q,News18 India,2023-11-01T09:15:28Z
XHJ2eAP8ckA,UCoMdktPbSTixAyNGwb-UYkQ,Sky News,2023-11-01T10:52:21Z
M03B1Cp5E3U,UCBN2PnishviqgUgvn_j9O_w,unrwa,2023-11-01T11:19:55Z
0pz13uc69C4,UCOPI3Uq5ZUzdnDvDDuA2CkA,The Informed Citizen,2023-11-01T13:10:00Z
JCZpObeOxGQ,UCOutOIcn_oho8pyVN3Ng-Pg,TV9 Bharatvarsh,2023-11-01T14:34:57Z
2skMYua4V6U,UCoMdktPbSTixAyNGwb-UYkQ,Sky News,2023-11-01T15:35:15Z
d5_8lH58aNk,UCrdPiSPVW0rtRsI002BX8iw,Mojo Story,2023-11-01T16:01:11Z
LxwAnKymPmE,UCYPvAwZP8pZhSMW8qs7cVCw,India Today,2023-11-01T16:50:06Z
-ixtHHsjldQ,UCVSNOxehfALut52NbkfRBaA,Voice of America,2023-11-01T17:20:04Z
TbaWQoHRiLU,UCzQUP1qoWDoEbmsQxvdjxgQ,PowerfulJRE,2023-11-01T17:53:06Z
ckeyg1DzKoQ,UCwqusr8YDwM-3mEYTDeJHzw,Republic World,2023-11-01T19:02:16Z
-1NFirxhXWE,UCY7dD6waquGnKTZSumPMTlQ,OxfordUnion,2023-11-01T19:24:35Z
gv0C_2NRJQU,UCrkjX-SG6vQExRPCi1Tf30g,Glore,2023-11-01T19:55:28Z
oR5Y5NZ5UuA,UC9bMcW0MFzOAgfQ-7et47zw,Indisputable with Dr. Rashad Richey,2023-11-01T23:30:12Z
Rr34dVCf1Tg,UCeY0bbntWzzVIaj2z3QigXg,NBC News,2023-11-01T23:45:01Z
TuPVO8ntUQ4,UCBSqKmHzetiveSeYTm_ngtw,Thai PBS World,2023-11-01T23:51:24Z
oHk9PyWv0rU,UClezYCpUhRWMgkdiK5O2_Fw,Nattha Komolvadhin,2023-11-01T23:51:56Z
jIsTfmNd9kY,UCjtKXoZ83iQFUxRaMV2Z5Ww,ทันโลก กับ Thai PBS,2023-11-01T23:52:25Z
MrpWdPKmvh4,UC-vFNKSu77w3DRE5zEnQLlw,OOYEA-NewsToday,2023-11-02T01:20:11Z
M39sX_4yNFg,UCOutOIcn_oho8pyVN3Ng-Pg,TV9 Bharatvarsh,2023-11-02T01:21:22Z
B3Fh1Y1xEDA,UCaxIsKnhxr6bfaJFQc67-rg,ShanghaiEye魔都眼,2023-11-02T03:30:04Z
raa6qYT9SB0,UCVSNOxehfALut52NbkfRBaA,Voice of America,2023-11-02T04:30:19Z
pgKhjvXGMa8,UCR0fZh5SBxxMNYdg0VzRFkg,Middle East Eye,2023-11-02T06:01:08Z
9Lw1aKqjzpc,UC6mJHVVBE1ebpPfGVzmeuXQ,"Defence Adda247: CAPF AC, CDS & AFCAT Preparation",2023-11-02T06:01:48Z
PG0BtdAkBDg,UCO1EC4BDcmhUADwGzXxF5pQ,Juristic Thought,2023-11-02T06:07:28Z
RFm_rf2MsZE,UCPP3etACgdUWvizcES1dJ8Q,News18 India,2023-11-02T06:19:12Z
BJNccvNJtGk,UCrdPiSPVW0rtRsI002BX8iw,Mojo Story,2023-11-02T06:45:50Z
wO5MLaKHUN8,UCzXjWFbpzLlBoOrHa-5Y0Lw,Tiger Paw,2023-11-02T08:05:31Z
RB-eDTj-erk,UCxUKYWkhDQq2m3E3Ja8Uh6w,Statecraft,2023-11-02T09:07:11Z
HZvRCNy4EeI,UCz8QaiQxApLq8sLNcszYyJw,Firstpost,2023-11-02T09:25:43Z
WwNpab1DckY,UCPgLNge0xqQHWM5B5EFH9Cg,The Telegraph,2023-11-02T09:44:37Z
hZuL0Au314A,UCxFcEGkfWhKDlOm4XOyvCVw,friend with hope ,2023-11-02T11:36:33Z
7mM7dhh8XDk,UCIvaYmXn910QMdemBG3v1pQ,Zee News,2023-11-02T12:48:42Z
AwGu_Z0Jb9M,UCTjDhFuGXlhx9Us0gq0VK2w,The Trump Report,2023-11-02T13:00:09Z
8Ue8kemcQS0,UCe4dVLl5mKl1JvBADx4ZvjA,The 'Debate Me!' Channel,2023-11-02T13:18:07Z
Z-ay_O2OLfU,UCb1Ti1WKPauPpXkYKVHNpsw,LBC,2023-11-02T14:00:20Z
SBWgsVmPAhM,UC9PIP7ee_Ohu7c-4Pcbxj-Q,Michael Oren,2023-11-02T16:08:11Z
9j6bAo0tQn4,UCP1aiTVg-0hw7iycHDo1SZg,Gettin’ 2 The Facts,2023-11-02T16:16:15Z
h7mFQdbpJ3Q,UCwHYp-o1OlEVnMRoXLoaaOA,Meaningful People,2023-11-02T16:24:37Z
rk6YB8xDrG0,UCmouT0FDMQC8PH8CbQFdHUw,Today Unpacked,2023-11-02T16:32:59Z
BhViUmziKkw,UCef1-8eOpJgud7szVPlZQAQ,CNN-News18,2023-11-02T16:51:37Z
DovMVWBYopY,UCwHYp-o1OlEVnMRoXLoaaOA,Meaningful People,2023-11-02T16:59:50Z
Scp0DzxLdnc,UCd9mlMv0zDwjp0l1hJUxmag,Podcast Highlights,2023-11-02T17:32:08Z
b93uvjNM5Es,UC3prwMn9aU2z5Y158ZdGyyA,CRUX,2023-11-02T19:30:04Z
oRCUYMWdd_s,UCYI_ychRnL7sJrG6PUSBpQA,CBN News,2023-11-02T19:39:49Z
SRerhubyLN0,UC8p1vwvWtl6T73JiExfWs1g,CBS News,2023-11-02T20:25:56Z
y5Tv3PDdQLM,UCkBS_xU1WQ7FVsDoQ_OPeDg,CBS Chicago,2023-11-02T21:27:10Z
4ocPUunzfHY,UCVgO39Bk5sMo66-6o6Spn6Q,ABC News (Australia),2023-11-03T00:13:32Z
afQ9ltZTNWw,UCju0GYcvcR4i1d6Q9S7sXZQ,The Messenger,2023-11-03T00:30:01Z
ldiaJ8VsZsY,UCmuhqIgfk2AW8T836rF7ZAw,Empact News,2023-11-03T01:31:12Z
jGCzCHC_KvI,UCPP3etACgdUWvizcES1dJ8Q,News18 India,2023-11-03T02:36:38Z
AteVPwB2_oY,UCqHSVAGOsXWuTUeiKW2NDkA,NewsTo,2023-11-03T04:18:06Z
x2_-ujOMFUo,UCPP3etACgdUWvizcES1dJ8Q,News18 India,2023-11-03T06:45:45Z
Z3UbEXAxZlU,UCN7B-QD0Qgn2boVH5Q0pOWg,BBC News Hindi,2023-11-03T10:53:04Z
OejzfTCrZnY,UCYPvAwZP8pZhSMW8qs7cVCw,India Today,2023-11-03T11:34:44Z
QsP0CcgFUc8,UCvHDpsWKADrDia0c99X37vg,i24NEWS English,2023-11-03T12:17:26Z
GtIoP1iPuZo,UC7fWeaHhqgM4Ry-RMpM2YYw,TRT World,2023-11-03T12:34:21Z
56b-SrL__c8,UC_gUM8rL-Lrg6O3adPW9K1g,WION,2023-11-03T12:46:49Z
aKmwltc3c5o,UCN7B-QD0Qgn2boVH5Q0pOWg,BBC News Hindi,2023-11-03T12:53:08Z
W9TifVZfVqA,UCQfwfsi5VrQ8yKZ-UWmAEFg,FRANCE 24 English,2023-11-03T14:05:34Z
4Z6e6-soiu0,UCaXkIU1QidjPwiAYu6GcHjg,MS NOW,2023-11-03T15:00:03Z
tsIorKFuMhE,UCIZJ9a6P_nxCFJTmL0gh_IQ,Al Arabiya English,2023-11-03T15:03:08Z
kA-M7uC1i08,UCIZJ9a6P_nxCFJTmL0gh_IQ,Al Arabiya English,2023-11-03T15:15:19Z
eU2f6NrOV7E,UC52X5wxOL_s5yw0dQk7NtgA,Associated Press,2023-11-03T18:42:24Z
ud-VdMOZlos,UCpqKlEHKWuzdrQnF-Cj7KbQ,Feeling Blessed,2023-11-03T18:52:15Z
5yAPa5YPEOM,UCYOwUrF6SWnnrXRRenIbubg,Travel Videos / vlogs,2023-11-03T21:22:51Z
751WbTUN2NI,UCBi2mrWuNuyYy4gbM6fU18Q,ABC News,2023-11-04T02:05:14Z
kZYxI4XpaCk,UCeY0bbntWzzVIaj2z3QigXg,NBC News,2023-11-04T03:00:21Z
hoft4UFd1NI,UCVv6xpo0vGJ22ktoiu8NQxg,Democracy Reporters,2023-11-04T05:00:08Z
7e7uZMbIfNA,UCV-eVUaDynL9JQsA9bL0oSg,Prudentia Tech,2023-11-04T06:26:34Z
IwnRpqk49Dk,UCN7B-QD0Qgn2boVH5Q0pOWg,BBC News Hindi,2023-11-04T07:02:50Z
3WHttxYy6rY,UCowwAP3HWRXCb3VkPfREl5Q,GLOBAL NEWS SPARK,2023-11-04T10:38:40Z
8IvXeCr-EX8,UCF-VP3b3oH0XASqsLI5rnLw,Times News,2023-11-04T11:39:54Z
E2hKt1M_vkQ,UCz8QaiQxApLq8sLNcszYyJw,Firstpost,2023-11-04T13:25:48Z
aiECL37eN3o,UCO8asBgLqsLVMH8__4p0ohw,Podcast Highlights Hub,2023-11-04T17:00:05Z
9ZGwg18VkZs,UC7Uva0g625-eK2KaXwhyoDw,Frank Hoogerbeets,2023-11-04T19:25:32Z
zwcI-Oi-K5U,UCcnz8P3lYBkUirbAG3gjh7w,Kieram Litchfield,2023-11-04T21:36:21Z
nLZRJiX3bhQ,UCm7lHFkt2yB_WzL67aruVBQ,Hindustan Times,2023-11-05T04:51:15Z
kGtvmINZfkI,UC-eyETCmy-rcououiO2P7rg,The Manila Times,2023-11-05T08:02:52Z
X5F2FPA7oT8,UCHT9LvSxIf44jJyl9VzJg2Q,Creative Ark,2023-11-05T10:25:15Z
SOHFoq93uuk,UC7wXt18f2iA3EDXeqAVuKng,Republic Bharat,2023-11-05T16:21:26Z
uST-aQQGZ-M,UCPWXiRWZ29zrxPFIQT7eHSA,The Hill,2023-11-05T16:51:38Z
X95M0Nl01Gk,UC24cdDLzkNJf2_CNNzdI-UQ,JNS TV,2023-11-05T16:52:11Z
3RR1WdvCMsQ,UCQSnKU2nJZ_25Ae7fFha2Cw,America's Frontline,2023-11-05T19:15:00Z
V27l5LhUn2o,UC16niRr50-MSBwiO3YDb3RA,BBC News,2023-11-05T23:48:22Z
ZgAPX9sJ8aE,UCWCEYVwSqr7Epo6sSCfUgiw,MIRROR NOW,2023-11-06T05:59:21Z
gAu9MH7TXy8,UCjPU1C334mY-C7N03MigJdg,YTSHORTS,2023-11-06T10:31:50Z
IhsBPwJHmlk,UCN7B-QD0Qgn2boVH5Q0pOWg,BBC News Hindi,2023-11-06T11:07:10Z
Ol1k-89jXls,UCVgO39Bk5sMo66-6o6Spn6Q,ABC News (Australia),2023-11-06T12:16:32Z
MmMG9DGFCHo,UC-LfzDKjEdSILS_hmgD93-g,Holy WOW,2023-11-06T15:37:30Z
hrELBkGkoYA,UCGRz6IoyfrAKYGNJgX_QS2A,Cricket Storytime,2023-11-06T16:57:50Z
9R49v3K29mM,UCD7zE3QCEk7o2D9_-jkd8hw,Norman Finkelstein,2023-11-06T17:50:41Z
_v1BAT-DSQw,UCTrQ7HXWRRxr7OsOtodr2_w,Channel 4 News,2023-11-06T18:12:56Z
3UBg0qlyx2o,UCYV9UhlTIojJGzAaInoKkxQ,Activism Uncensored,2023-11-06T19:00:03Z
UmxYt2uJlVU,UCnQC_G5Xsjhp9fEJKuIcrSw,Ben Shapiro,2023-11-06T22:00:13Z
NBZJ8liNg5M,UCQSnKU2nJZ_25Ae7fFha2Cw,America's Frontline,2023-11-06T23:30:08Z
iPL9k6cDWFQ,UCmyKnNRH0wH-r8I-ceP-dsg,PuthiyathalaimuraiTV,2023-11-07T01:20:02Z
OVTm0vHXmOE,UCBi2mrWuNuyYy4gbM6fU18Q,ABC News,2023-11-07T01:34:13Z
3eYHhL3NytI,UCj7wKsOBhRD9Jy4yahkMRMw,CGTN America,2023-11-07T02:16:05Z
sLU4s_lyUHA,UCJdKr0Bgd_5saZYqLCa9mng,The Rubin Report,2023-11-07T02:45:02Z
PINmNc5BjC4,UCwqusr8YDwM-3mEYTDeJHzw,Republic World,2023-11-07T08:45:07Z
YpsNuVnwqug,UCNye-wNBqNL5ZzHSJj3l8Bg,Al Jazeera English,2023-11-07T09:04:53Z
Pz-9cE-Z-Bo,UC-5XjDRpn8YqE1gmwn41IFQ,BBC NEWS ALERTS,2023-11-07T09:22:36Z
zsOG6bBvJwQ,UCKjU3KzdbJE1EFcHVqXC3_g,CBC News: The National,2023-11-07T10:00:48Z
AuX3DRDEa5M,UCoMdktPbSTixAyNGwb-UYkQ,Sky News,2023-11-07T12:20:10Z
glD40aN2vJo,UCm7lHFkt2yB_WzL67aruVBQ,Hindustan Times,2023-11-07T12:41:59Z
QJdSjUBSdgI,UC9IQhNgS43lmUdU-KdGyb0A,News18 Urdu,2023-11-07T12:57:16Z
q9X0_oVFmOs,UCTjDhFuGXlhx9Us0gq0VK2w,The Trump Report,2023-11-07T14:25:12Z
U0JYy_T3j40,UC3prwMn9aU2z5Y158ZdGyyA,CRUX,2023-11-07T14:45:02Z
XYKoACzGXzQ,UCBi2mrWuNuyYy4gbM6fU18Q,ABC News,2023-11-07T15:31:20Z
0C7VErSbTSw,UCKjU3KzdbJE1EFcHVqXC3_g,CBC News: The National,2023-11-07T16:27:14Z
RFUIc5ZPREU,UCjD5-DBjvJwmkKg14pOapyg,Server For Humanity,2023-11-07T17:14:50Z
PfvyyRlhjeY,UCIvaYmXn910QMdemBG3v1pQ,Zee News,2023-11-07T17:49:27Z
xliqJ6pxx08,UCupvZG-5ko_eiXAupbDfxWw,CNN,2023-11-07T18:56:52Z
dcdOL5ezQPI,UCLFQoFyZqafYFYbpxp1fzMw,The Unfiltered Brother,2023-11-07T22:18:21Z
ZL3huYbE3Gc,UC6qrYWqi2C_t2wAZQR6ySXQ,Maurice Mizrahi,2023-11-08T00:51:28Z
VIcDEpnMayo,UCEF_a2TWFx9b8oplh45IgEg,SaraHuzaifa-5🌻🌿,2023-11-08T02:13:49Z
6Nq2mlTH2Qw,UCcgg5oVHV3ktWzbkbc52urQ,Egberto Willies (Politics Done Right),2023-11-08T02:28:17Z
03ltGscT3ds,UC1yBKRuGpC1tSM73A0ZjYjQ,The Young Turks,2023-11-08T03:30:00Z
E7bex_xuaHc,UCrdPiSPVW0rtRsI002BX8iw,Mojo Story,2023-11-08T09:33:08Z
EnaacT4eBrA,UCckHqySbfy5FcPP6MD_S-Yg,Times Of India,2023-11-08T12:55:53Z
lblvpfgPJnc,UCHaHD477h-FeBbVh9Sh7syA,BBC Learning English,2023-11-08T15:00:19Z
tfaw7PuaUoA,UCvXO7x0z8PvNQV2-KfiEclg,Dionysis Theodorou,2023-11-08T16:15:43Z
-ovC0VGGxwc,UC9593ROmiJdnI8BKBcvWPwA,News Source Crawler,2023-11-08T16:30:02Z
rTowu3gnDMk,UCXIJgqnII2ZOINSWNOGFThA,Fox News,2023-11-08T17:01:00Z
tC86jqxgpIA,UCm0yTweyAa0PwEIp0l3N_gA,TalkTV,2023-11-08T19:04:28Z
I6yIYzJZFJY,UCGYf0VFdlSTzcJghW9z1DAA,The National News,2023-11-08T19:35:37Z
_f_eLtwaNDM,UC2RkCYqdrctgyZrM-MRC2bA,Birmingham Liberal Democrats,2023-11-08T20:25:04Z
my4wG16rEkk,UC2RkCYqdrctgyZrM-MRC2bA,Birmingham Liberal Democrats,2023-11-08T20:27:44Z
eC4dXDd36aA,UCIvaYmXn910QMdemBG3v1pQ,Zee News,2023-11-08T21:16:27Z
v5nJUm_S2XE,UCknLrEdhRCp1aegoMqRaCZg,DW News,2023-11-08T21:17:44Z
M684hPcdwsY,UCt9aW5-rWamTjJRad6d9UOQ,My Left Eye,2023-11-09T00:50:22Z
G_K3x5m69cQ,UCBi2mrWuNuyYy4gbM6fU18Q,ABC News,2023-11-09T01:13:04Z
Du2_x-7cKmg,UClDchaIHIdISrndiP6g6oLQ,Richard Heydarian (Deep Dive) ,2023-11-09T05:00:08Z
Iywth6q_KHg,UCN7B-QD0Qgn2boVH5Q0pOWg,BBC News Hindi,2023-11-09T06:00:22Z
BuJAK0ZtWGs,UCF55EMbtou_U0GBXWCDb4Uw,The Layman Perspective ,2023-11-09T08:17:06Z
MNi-RmchbWg,UCN7B-QD0Qgn2boVH5Q0pOWg,BBC News Hindi,2023-11-09T10:24:18Z
m2L7boKNguk,UCQfwfsi5VrQ8yKZ-UWmAEFg,FRANCE 24 English,2023-11-09T11:08:26Z
_sKaPC-bgJ4,UC--LPe-WUnF0xxDFEtyWQXA,MostIgnored,2023-11-09T11:15:02Z
-QzPrdKfkrY,UCoMdktPbSTixAyNGwb-UYkQ,Sky News,2023-11-09T13:35:13Z
6UIttZgiGf0,UCR0fZh5SBxxMNYdg0VzRFkg,Middle East Eye,2023-11-09T14:21:37Z
7l-IqbB3T7Q,UCaofTKtuRFb7ivsi_22sBoQ,Chizuk Inspiration,2023-11-09T15:44:20Z
8hsE0w2WJac,UCt9aW5-rWamTjJRad6d9UOQ,My Left Eye,2023-11-09T16:52:58Z
wyINCPl58zQ,UCatt7TBjfBkiJWx8khav_Gg,Piers Morgan Uncensored,2023-11-09T17:33:46Z
WUYYJgKcJD0,UCr5jq6MC_VCe1c5ciIZtk_w,Center for Strategic & International Studies,2023-11-09T19:57:00Z
W2myO-slp7w,UCJIfeSCssxSC_Dhc5s7woww,Lex Clips,2023-11-09T20:48:41Z
PPPg22GmLiA,UCO1wUJTwf5LMka2r_mhO5nA,Charts and Graphs,2023-11-09T22:33:56Z
utimKDnqzSo,UCQihpDDJe0Z3LpmWxm_Y7YQ,CanadianGirl InTheDominican ,2023-11-09T22:39:49Z
LkbaCL8tc4E,UCIzXayRP7-P0ANpq-nD-h5g,The Sun,2023-11-10T01:00:07Z
rAESBd6qUpM,UC1esom-WHdO5-NZuUS10mLQ,Piyushgarg ,2023-11-10T05:07:31Z
eiW9zZTl7oU,UCJFOER35ggIWwsXh2ZDnqyg,The Economic Times,2023-11-10T05:19:41Z
QT3hNnPiAek,UCKSGmEx5nKZCgjRny-9LaWQ,StudyIQ IAS हिंदी,2023-11-10T06:00:09Z
T3bz1q1yuYM,UCrdPiSPVW0rtRsI002BX8iw,Mojo Story,2023-11-10T06:44:17Z
qyBRBmgpDgk,UCytSP0M0Jdnw6qIy3Y-nTig,NewsX Live,2023-11-10T07:07:04Z
ywLE8IEzEwU,UCIZJ9a6P_nxCFJTmL0gh_IQ,Al Arabiya English,2023-11-10T08:04:06Z
oq95WPp4Hw8,UCRK4FDIkUyslEAUdyRDdCtQ,NEWS9 Live,2023-11-10T10:54:47Z
D3GQzpS3WcI,UC3prwMn9aU2z5Y158ZdGyyA,CRUX,2023-11-10T13:30:04Z
IV1Q4Mszyeg,UCk0AqjBaGrhkhRxM90DFwGQ,NewsInAFlash,2023-11-10T14:34:13Z
lirIoP3zExk,UCWCEYVwSqr7Epo6sSCfUgiw,MIRROR NOW,2023-11-10T14:44:28Z
wTvak_2TYJs,UCQfwfsi5VrQ8yKZ-UWmAEFg,FRANCE 24 English,2023-11-10T15:03:39Z
dtTsuuf_9AQ,UCJEDi0wb3A61Np0Z-XoLxAQ,Mr. Ernest Crim III,2023-11-10T19:27:31Z
q7eK8MO7c0Q,UCxcrzzhQDj5zKJbXfIscCtg,ABC News In-depth,2023-11-10T21:00:34Z
B5ZxvO2UQNo,UCKHQmMru9nAJ71FMrGfhfJQ,SOC 119,2023-11-11T00:00:06Z
FCpJGa8Gv1g,UCckHqySbfy5FcPP6MD_S-Yg,Times Of India,2023-11-11T07:59:44Z
ZHsl6LvhXVo,UCL5BXW5lPRO15TshFamoOAA,Bato Job,2023-11-11T08:12:13Z
nPYhhcV3K1I,UC7fWeaHhqgM4Ry-RMpM2YYw,TRT World,2023-11-11T09:15:11Z
XWJE0IatZ6c,UCjPU1C334mY-C7N03MigJdg,YTSHORTS,2023-11-11T09:15:42Z
RawZ8rUqhW8,UCN7B-QD0Qgn2boVH5Q0pOWg,BBC News Hindi,2023-11-11T12:05:26Z
pSYLb9QENdI,UCnTRVa939stjp0daqZOT0ww,NBA NewsNest,2023-11-11T12:57:50Z
MQhvk86XZss,UCH4GHb4vMr7qY5yuFxQkhAw,Secular Spirit,2023-11-11T15:00:24Z
-A-3m5k2tvA,UCkU1RjFQv1IGp-2unslWpUA,MostFamoustv,2023-11-11T19:05:34Z
HVp6kfmiwVY,UCHpw8xwDNhU9gdohEcJu4aA,The Guardian,2023-11-11T21:26:22Z
hg79bkmpgAI,UCzTrclCLSp4Qab10YuIWIPw,inkflowerr,2023-11-11T22:46:17Z
zfaKEhPgVK4,UCk-59tzCEMOwwpVg5N516dA,It is not Islam-ic! ,2023-11-11T23:13:49Z
jooRX0YKLIY,UCry2gCVdntv6r661sKUiKXw,WCCO - CBS Minnesota,2023-11-11T23:28:54Z
zKydqbOV5Io,UCkJtTq5mjaDHY8ZyawANvYQ,Islamic World-04,2023-11-12T07:59:42Z
cVUGTb4gQl8,UCm7lHFkt2yB_WzL67aruVBQ,Hindustan Times,2023-11-12T10:14:47Z
AXq_jVB9bJY,UC3prwMn9aU2z5Y158ZdGyyA,CRUX,2023-11-12T10:41:27Z
ckic3zaf65I,UCYJbYjGgSzrL5LWw_aRJ3fw,Jewish News,2023-11-12T12:13:06Z
ajXaI3Ncq8c,UC3prwMn9aU2z5Y158ZdGyyA,CRUX,2023-11-12T15:30:00Z
sXh2QFaEQmM,UCoMdktPbSTixAyNGwb-UYkQ,Sky News,2023-11-12T15:58:52Z
WowWIZjrAv0,UCj7wKsOBhRD9Jy4yahkMRMw,CGTN America,2023-11-12T20:24:15Z
ehiF2yNLPxU,UCmPCGvJRbMAtJQUu-_iF9jA,Law Students Council,2023-11-12T20:43:55Z
pfcrwbc-ULY,UCbb3m7IaiONqMciwd5ZjwAQ,The Morning Star,2023-11-12T21:15:59Z
ws5PPDSprrc,UCssq9-_ymLnYt-wbXt3uiDQ,BuzzClips,2023-11-12T22:34:01Z
6EjjIcnpo9I,UCJHk7NZyFnyphA_jfdK5rvA,Living Lchaim,2023-11-13T01:00:03Z
a6FUgUrVcyQ,UCXIJgqnII2ZOINSWNOGFThA,Fox News,2023-11-13T02:00:00Z
n_BcXf2SdTo,UCPP3etACgdUWvizcES1dJ8Q,News18 India,2023-11-13T03:06:11Z
H3gSpvJVa6M,UCzELSYkwKeftZcJYw1gJTug,thebethwells channel,2023-11-13T04:23:12Z
pJ9PKQbkJv8,UC3XTzVzaHQEd30rQbuvCtTQ,LastWeekTonight,2023-11-13T07:30:17Z
0fRCT7cLFvU,UCy274TM5kOhRKy-u_lDIAvg,Farhat Amin,2023-11-13T09:16:47Z
KJtkPLLgB4g,UCm7lHFkt2yB_WzL67aruVBQ,Hindustan Times,2023-11-13T11:50:01Z
_xUbgVJEfcI,UCatL-c6pmnjzEOHSyjn-sHA,Khan GS Research Centre,2023-11-13T12:59:43Z
41kWBJDC2nE,UCvy9bjqfawiaE_CklFSdnzg,abcqanda,2023-11-13T13:19:58Z
ybDxTFdXj9Y,UCvy9bjqfawiaE_CklFSdnzg,abcqanda,2023-11-13T13:23:56Z
9RPdrZdIerM,UC4zGS_Ap-XpqwGki4E6n3uQ,Far Media World,2023-11-13T14:20:06Z
D-4MJh_JSYI,UCIZJ9a6P_nxCFJTmL0gh_IQ,Al Arabiya English,2023-11-13T14:25:31Z
qL3enVDr1EY,UCAZiVpzu6oHHLcBQixHH0yg,HD Education,2023-11-13T16:05:14Z
yfv8s1y1pm0,UCz8QaiQxApLq8sLNcszYyJw,Firstpost,2023-11-13T17:30:07Z
XBkJBTpSBWw,UCpMOGH6iENbtXirf4u2y75Q,Asim TV,2023-11-13T17:47:17Z
SP2nJgu0s7I,UCn_Dbf3E-BGxBzgr2o9a1pw,InfoFlow,2023-11-13T18:48:13Z
0ri2b0oaDKA,UCg40OxZ1GYh3u3jBntB6DLg,Forbes Breaking News,2023-11-13T22:00:00Z
dQUKBQVBQ3o,UC73H5p3GP8b5N1f3hozIXyQ,TBN Israel,2023-11-13T22:00:16Z
dupqb6Jz0-A,UCknLrEdhRCp1aegoMqRaCZg,DW News,2023-11-13T22:33:39Z
fkNURfB-URg,UC8YBCS6y8FoyMu7Hw7SpwYg,Overcoming the Divide,2023-11-13T23:57:43Z
EgLBPC-5Ocw,UCJHk7NZyFnyphA_jfdK5rvA,Living Lchaim,2023-11-14T03:00:08Z
W7GsFheCueM,UCmxAIW7RDDC88EPk4ry16Kg,Tribunnews,2023-11-14T04:30:43Z
zRMIkdfLsz4,UCNye-wNBqNL5ZzHSJj3l8Bg,Al Jazeera English,2023-11-14T08:14:45Z
5LNiVgt1evc,UCanaVPohMslhCqJxlKQZ4KQ,topidalo,2023-11-14T15:20:50Z
OwKbdza7MMw,UCI3RT5PGmdi1KVp9FG_CneA,eNCA,2023-11-14T16:37:48Z
lJPS7K6TiCQ,UCAZiVpzu6oHHLcBQixHH0yg,HD Education,2023-11-15T02:30:30Z
gA9vNmbKh9E,UC7fWeaHhqgM4Ry-RMpM2YYw,TRT World,2023-11-15T16:31:11Z
UvouDvnZssk,UC2RNMnxWRQpYVLzfLdla0Zw,KernowDamo,2023-11-15T17:03:00Z
sOOvKdBt4K4,UCvi6hEzLM-Z_unKPSuuzKvg,ANC 24/7,2023-11-16T05:07:28Z
CZ1d4yktG7c,UCxcrzzhQDj5zKJbXfIscCtg,ABC News In-depth,2023-11-16T05:30:01Z
8G5wBJFPxWg,UC1SGnB1kyOGJeNzRlmTRQwA,Podcast Keeper,2023-11-16T08:42:24Z
Txg6NBvoilc,UCz8QaiQxApLq8sLNcszYyJw,Firstpost,2023-11-16T10:00:07Z
dRqcNqQQmwM,UC7ZtPw4UQAPRcwqNKSSUmqw,Darren Fower,2023-11-16T10:35:09Z
9LER4oI5Wa8,UC3prwMn9aU2z5Y158ZdGyyA,CRUX,2023-11-16T13:30:02Z
z6Pg8NOG4mw,UCtTSYCBRRUStmL2oQLaqbDQ,The New Arab,2023-11-16T15:20:03Z
grKsZU2T3Oc,UCIRYBXDze5krPDzAEOxFGVA,Guardian News,2023-11-16T16:26:32Z
HtPz4aXXi0Q,UCiaW5qaVI4XkP9OXq5FkYhw,InvetviewEnik,2023-11-16T18:59:00Z
ok07_DuuCnY,UCyzkxMLeZDcd_Qhzh6uMgbg,PoliticsJOE,2023-11-16T19:00:10Z
M0igurIFjTs,UCNye-wNBqNL5ZzHSJj3l8Bg,Al Jazeera English,2023-11-16T19:28:33Z
vE8p_br5bWQ,UCHfKJYgdWbhVCdgb6sS0Jew,NewsNuggets4U,2023-11-16T22:00:32Z
TAu9OXkv_d8,UC64A-bbH15b5kN5A32CErOA,10 News,2023-11-17T01:27:50Z
Z6-TJzmKgvc,UCBi2mrWuNuyYy4gbM6fU18Q,ABC News,2023-11-17T01:32:22Z
bUijxixcAgE,UCJHk7NZyFnyphA_jfdK5rvA,Living Lchaim,2023-11-17T02:00:15Z
jKWZpAt63zw,UCoR6fqro6C25aL4LAD5Yq3w,Moore Crime News Australia,2023-11-17T02:00:23Z
qmdfA5Y6-J0,UCJFOER35ggIWwsXh2ZDnqyg,The Economic Times,2023-11-17T06:31:29Z
mhrTUgK6Du4,UCoMdktPbSTixAyNGwb-UYkQ,Sky News,2023-11-17T06:56:32Z
krC5wMka-Os,UCoR6fqro6C25aL4LAD5Yq3w,Moore Crime News Australia,2023-11-17T08:00:41Z
ufhSwYTI5ew,UCJH8x01w9jZusw0cQIip-4g,GOD'S GRACE MUSIC CHANNEL (Horrified In Time),2023-11-17T08:44:27Z
378veDWQ4nM,UCZFMm1mMw0F81Z37aaEzTUA,NDTV,2023-11-17T08:57:51Z
4XJNV7wFNS8,UC_gUM8rL-Lrg6O3adPW9K1g,WION,2023-11-17T09:54:00Z
mcSoNyNd428,UCHd62-u_v4DvJ8TCFtpi4GA,Washington Post,2023-11-17T11:15:06Z
Q3FkxjtczMs,UCckHqySbfy5FcPP6MD_S-Yg,Times Of India,2023-11-17T11:19:02Z
MOMr1YDbv30,UCNye-wNBqNL5ZzHSJj3l8Bg,Al Jazeera English,2023-11-17T12:45:01Z
jEyb7u5vYss,UC_gUM8rL-Lrg6O3adPW9K1g,WION,2023-11-17T12:49:04Z
cSMPo4XCSYU,UCknLrEdhRCp1aegoMqRaCZg,DW News,2023-11-17T13:15:04Z
sif0rOAoBwk,UCuFFtHWoLl5fauMMD5Ww2jA,CBC News,2023-11-17T13:19:00Z
fNR_9hOzErw,UCTrQ7HXWRRxr7OsOtodr2_w,Channel 4 News,2023-11-17T14:31:43Z
l_c3QVjjmwc,UCw3fku0sH3qA3c3pZeJwdAw,Daily Mail World,2023-11-17T15:00:43Z
jXU-iNK_sJo,UC5HauO9bQa9X4bJb0tY2egA,The Indomitable SolMan,2023-11-17T15:04:01Z
neQu7J518zo,UCdnZdQxYXnbN4uWJg96oGxw,Rappler,2023-11-17T16:13:21Z
d0gECjlpXF8,UCrmm_7RDZJeQzq2-wvmjueg,The Real News Network,2023-11-17T17:00:11Z
rNKqQydAggE,UCgp4A6I8LCWrhUzn-5SbKvA,TVC News Nigeria,2023-11-17T17:18:39Z
K9leejneqYk,UCuFFtHWoLl5fauMMD5Ww2jA,CBC News,2023-11-17T19:25:03Z
TZqJB79Ok7E,UCeY0bbntWzzVIaj2z3QigXg,NBC News,2023-11-17T22:15:01Z
3kNcXwTh6BE,UCcgg5oVHV3ktWzbkbc52urQ,Egberto Willies (Politics Done Right),2023-11-18T04:05:33Z
GzfulfK7bno,UCRK4FDIkUyslEAUdyRDdCtQ,NEWS9 Live,2023-11-18T06:19:23Z
8SW4wNuQR5c,UC3XaG-7UVi2vD8ZZEMNnnpw,UNTV News and Rescue,2023-11-18T06:30:05Z
6ei87gN1-B8,UC3XaG-7UVi2vD8ZZEMNnnpw,UNTV News and Rescue,2023-11-18T07:15:00Z
lXRKJXmliEs,UCoR6fqro6C25aL4LAD5Yq3w,Moore Crime News Australia,2023-11-18T08:00:37Z
k4TChDT1N9A,UCNye-wNBqNL5ZzHSJj3l8Bg,Al Jazeera English,2023-11-18T09:41:16Z
O6-9p63hGQM,UCTfl1yEBLRWT-sem-0O-vaQ,30 seconds,2023-11-18T11:00:19Z
XQrVKC93hrw,UCmOCpBKeoBPp-HwarhIBA2g,Best Documentary,2023-11-18T12:43:35Z
ylpLl46H6W4,UCMxKe-IWAhLp_DPaNRVqJ-A,USA Gazzette,2023-11-18T13:52:19Z
ITiLditRKI4,UCgkCdHtNyV3ezh3GGUbQmew,News Print ,2023-11-18T16:32:45Z
9937Uv75_NY,UCl9roQQwv4o4OuBj3FhQdDQ,The Damage Report,2023-11-18T18:00:03Z
AvVyk3KcgWo,UCrOdS-mvp6PNMeCebXdWvjQ,FreeMind,2023-11-19T16:19:11Z
TxLg4clLf78,UCxVMh20XguH_zcYGs0Tz7dg,Ibraar Kashim Vlogs,2023-11-19T16:49:40Z
Rtk3jbMSJNg,UC1_E8NeF5QHY2dtdLRBCCLA,africanews,2023-11-19T16:51:59Z
Yf4FWu32zU0,UCNye-wNBqNL5ZzHSJj3l8Bg,Al Jazeera English,2023-11-19T19:30:05Z
cfMPNhPLeW8,UCrOdS-mvp6PNMeCebXdWvjQ,FreeMind,2023-11-20T00:48:48Z
cmaoddyrbWc,UCkXWisas7nopnXQVgqMwodQ,EU Debates | eudebates.tv,2023-11-20T12:34:10Z
tgSFWV7p_y0,UCm7lHFkt2yB_WzL67aruVBQ,Hindustan Times,2023-11-20T15:05:00Z
5zzROew8U8M,UCm7lHFkt2yB_WzL67aruVBQ,Hindustan Times,2023-11-20T15:45:00Z
nxa7ARv33Sg,UCtTSYCBRRUStmL2oQLaqbDQ,The New Arab,2023-11-20T16:06:37Z
jwf8ppw2tB0,UCjf-E-pcG3qQzZKHkC-NmDg,justnews,2023-11-20T16:30:14Z
nuePcX3vXf4,UCvHDpsWKADrDia0c99X37vg,i24NEWS English,2023-11-20T17:05:42Z
RzcNOCFcb9U,UCNye-wNBqNL5ZzHSJj3l8Bg,Al Jazeera English,2023-11-20T21:39:19Z
UnXeX8-Ldzk,UCg40OxZ1GYh3u3jBntB6DLg,Forbes Breaking News,2023-11-20T23:30:10Z
Y0fWHyDLS0Y,UCrOdS-mvp6PNMeCebXdWvjQ,FreeMind,2023-11-21T00:49:26Z
F4Ckvx48cB8,UCRIrAXzyn11EzeLpEKhVDuQ,DW தமிழ்,2023-11-21T06:56:04Z
WQyGMwa_UrI,UCYV9UhlTIojJGzAaInoKkxQ,Activism Uncensored,2023-11-21T09:00:31Z
xqVh7830yCQ,UCdquNRa7761tKHnHqaNc2Nw,Inspiration Daily,2023-11-21T17:08:52Z
9sKRoxW60WM,UCi7Zk9baY1tvdlgxIML8MXg,CTV News,2023-11-21T17:39:28Z
R0s03OTws0k,UCm7lHFkt2yB_WzL67aruVBQ,Hindustan Times,2023-11-21T18:19:03Z
2pMsYSR7g78,UCatt7TBjfBkiJWx8khav_Gg,Piers Morgan Uncensored,2023-11-21T21:00:04Z
0ydcS_hm5tk,UChN6Ciqt5AnPzvUQxv04c0g,Just For PEACE,2023-11-22T04:22:18Z
RwbMr2hd56Q,UCPP3etACgdUWvizcES1dJ8Q,News18 India,2023-11-22T05:30:49Z
bL6gmQueCnc,UCRIrAXzyn11EzeLpEKhVDuQ,DW தமிழ்,2023-11-22T06:04:52Z
VG1gLKHzpFQ,UCpMOGH6iENbtXirf4u2y75Q,Asim TV,2023-11-22T07:13:05Z
x6Z0UH2pxeU,UCvSszBEUMsQTGmC4oHGCgUQ,Kainat News,2023-11-22T07:14:13Z
Euu2KtC32Kw,UChftTVI0QJmyXkajQYt2tiQ,moneycontrol,2023-11-22T07:40:25Z
Kdl53eEWsck,UCm7lHFkt2yB_WzL67aruVBQ,Hindustan Times,2023-11-22T12:55:03Z
LyyOwbjd6qw,UCRS_-dV3B5e4Zj-XT49K2sQ,Underlooked Facts,2023-11-22T13:28:44Z
D_JX4MAQ3bo,UC_gUM8rL-Lrg6O3adPW9K1g,WION,2023-11-22T18:07:25Z
WRONnodfj78,UCoV4hCojLSujOuoDK7jA-6Q,Mr.Professor,2023-11-22T19:30:02Z
YY-4VjDe2JM,UCv_pelZ-K3pSnv0RNjQqfUQ,Two Hammers,2023-11-22T20:05:00Z
_WdgUBA7s6Y,UCgrNz-aDmcr2uuto8_DL2jg,CGTN,2023-11-23T04:46:07Z
eF3EE3g8COI,UCHfF8wFnipMeDpJf8OmMxDg,FOX 11 Los Angeles,2023-11-23T08:01:24Z
bxfA2OyCgRQ,UCorruoVYwGGyND4SZVtrVDQ,The Project,2023-11-23T08:13:28Z
-cZEzqRSEhk,UCF-VP3b3oH0XASqsLI5rnLw,Times News,2023-11-23T12:57:44Z
F1O-pgtwCA4,UCz8QaiQxApLq8sLNcszYyJw,Firstpost,2023-11-23T13:14:09Z
x7RhY8BMiYo,UC7fWeaHhqgM4Ry-RMpM2YYw,TRT World,2023-11-23T14:32:32Z
86iqlm5Ba2U,UCm7lHFkt2yB_WzL67aruVBQ,Hindustan Times,2023-11-23T17:59:14Z
uNH1aI0KdFk,UCggJmYhtxBk1naIbZN541pw,Islam Channel,2023-11-23T18:52:36Z
HVXeDP1XVR0,UCmouT0FDMQC8PH8CbQFdHUw,Today Unpacked,2023-11-23T20:19:52Z
MlwxhV7IQTc,UCg_nzN_60_LfeAXhlKa8wvA,Everyday Worldview,2023-11-24T04:34:52Z
_3iyxICL94I,UCQfwfsi5VrQ8yKZ-UWmAEFg,FRANCE 24 English,2023-11-24T07:56:57Z
dvQ8LzCwpRw,UCoR6fqro6C25aL4LAD5Yq3w,Moore Crime News Australia,2023-11-24T08:00:31Z
eWtSB5cZE5M,UCNMTP5gIcJ1cG1GYO_T-NMw,Prasath Signature,2023-11-24T10:25:44Z
7_XU9YJKJCI,UCf_HItERkRB3vnkWt2RSOLg,George Galloway,2023-11-24T13:58:54Z
YX8Fz8dvv_U,UCDRIjKy6eZOvKtOELtTdeUA,Breaking Points,2023-11-24T18:30:31Z
PnwOLZsJ9J8,UCRK4FDIkUyslEAUdyRDdCtQ,NEWS9 Live,2023-11-24T20:27:21Z
4hDhADyHXhg,UCoMdktPbSTixAyNGwb-UYkQ,Sky News,2023-11-24T21:23:55Z
ObjlVzppHp8,UCPasYvikUOas440qbC5hguA,Ayn Rand Centre UK,2023-11-24T22:00:14Z
b8ogVFi7W3c,UCm7lHFkt2yB_WzL67aruVBQ,Hindustan Times,2023-11-25T01:30:16Z
cRBegqVxEfo,UCBW2ACTIzhtUdso_yZtHaDw,The Screeching Kettle,2023-11-25T04:15:45Z
6wk7CqbGXAQ,UCJHk7NZyFnyphA_jfdK5rvA,Living Lchaim,2023-11-25T08:00:05Z
ilRNOvqcF8A,UCn94CfWGHIwZGYiBwzPEV_A,3D Printing Science. etc,2023-11-25T11:21:48Z
dxHTMyRibzE,UC7fWeaHhqgM4Ry-RMpM2YYw,TRT World,2023-11-25T16:45:49Z
2OlVa9W2M3U,UC16niRr50-MSBwiO3YDb3RA,BBC News,2023-11-25T17:00:04Z
uz1Dx26gmiQ,UCm7lHFkt2yB_WzL67aruVBQ,Hindustan Times,2023-11-25T17:15:38Z
ClK0lywg5OQ,UCgSEQHqTMqFEt_9o2Ry0-Kw,United Front International ,2023-11-26T00:48:24Z
QerWrlHnTtk,UCN7B-QD0Qgn2boVH5Q0pOWg,BBC News Hindi,2023-11-26T02:30:19Z
JBE6wrtt6d8,UCu6fUUZWtEgJ5U3QJV35W8Q,Mindscape,2023-11-26T08:19:09Z
925yElImQ84,UCC-YG6gBZNmdxYfQZnwCX4A,Serambinews,2023-11-26T08:20:35Z
29fayvYgH78,UChpNXxpldoy9aGSPoEv-4vg,𝖢𝗈𝖼𝗈 ˚ ༘♡,2023-11-26T08:22:42Z
IoOTPxLE5QA,UCNye-wNBqNL5ZzHSJj3l8Bg,Al Jazeera English,2023-11-26T08:45:18Z
MJ5GpcZs5LI,UCAkriDAQBtgb7VtflftLMtg,TheXpediter,2023-11-26T09:49:09Z
bC7ozqiFhVA,UCN7B-QD0Qgn2boVH5Q0pOWg,BBC News Hindi,2023-11-26T12:03:49Z
XvFCfsJSW1s,UC06gryP1oTCGEWbNW8pfIRA,TribunJatim Official,2023-11-26T17:19:01Z
O_pM_vb8bgc,UC2x_qNZXKDxNP1j4jvHATRQ,Face the Nation,2023-11-26T18:16:10Z
kMiNAxi1VJc,UCz_K5jHUAfwmMMOIC9HP-IA,BNN News,2023-11-26T19:16:18Z
Bhpa7gIrnh4,UCoMdktPbSTixAyNGwb-UYkQ,Sky News,2023-11-26T23:40:45Z
X3PPS81wFsA,UCnUructOuQndANp6QR-Fdqg,International Affairs ,2023-11-27T05:11:17Z
m5jyO9EaoVU,UCN7B-QD0Qgn2boVH5Q0pOWg,BBC News Hindi,2023-11-27T05:18:45Z
jJYd1jOegMs,UCm7lHFkt2yB_WzL67aruVBQ,Hindustan Times,2023-11-27T09:31:57Z
Ai5HlLmS2zk,UC6RJ7-PaXg6TIH2BzZfTV7w,Times Now,2023-11-27T09:40:56Z
ffhKEsiWF74,UCz8QaiQxApLq8sLNcszYyJw,Firstpost,2023-11-27T10:01:36Z
IDfbbdlOfKY,UCw3fku0sH3qA3c3pZeJwdAw,Daily Mail World,2023-11-27T10:23:36Z
q3E48QCLt1k,UCm7lHFkt2yB_WzL67aruVBQ,Hindustan Times,2023-11-27T10:35:00Z
iE3_KECsWss,UCvHDpsWKADrDia0c99X37vg,i24NEWS English,2023-11-27T10:35:33Z
OeiCDBtTd2c,UC7fWeaHhqgM4Ry-RMpM2YYw,TRT World,2023-11-27T12:26:49Z
_fm7HXmaI1g,UCm7lHFkt2yB_WzL67aruVBQ,Hindustan Times,2023-11-27T13:11:31Z
GxgkODtEF5I,UCrdPiSPVW0rtRsI002BX8iw,Mojo Story,2023-11-27T15:23:12Z
e4atpZd7v2I,UCFQgi22Ht00CpaOQLtvZx2A,ITV News,2023-11-27T16:46:49Z
eBxA6Pe4Q58,UCoMdktPbSTixAyNGwb-UYkQ,Sky News,2023-11-27T17:01:52Z
iR6U4o_nD-U,UChirEOpgFCupRAk5etXqPaA,Bloomberg News,2023-11-27T23:00:19Z
sOXxzkWDRu8,UCFQgi22Ht00CpaOQLtvZx2A,ITV News,2023-11-27T23:08:50Z
gerLAiRsO7w,UChirEOpgFCupRAk5etXqPaA,Bloomberg News,2023-11-28T00:00:15Z
9QniXgIyYh8,UCef1-8eOpJgud7szVPlZQAQ,CNN-News18,2023-11-28T01:26:00Z
dBSnXkdaQ_4,UCkwL0z6YtoY_RHZ6IarlHEg,Piers in a Minute,2023-11-28T03:00:32Z
JqtFnlLrifA,UCoJTOwZxbvq8Al8Qat2zgTA,Kim Iversen,2023-11-28T04:05:14Z
oA9RLwInqn4,UCvHDpsWKADrDia0c99X37vg,i24NEWS English,2023-11-28T07:43:51Z
qZJ_Uw_Yu0w,UCNye-wNBqNL5ZzHSJj3l8Bg,Al Jazeera English,2023-11-28T09:48:31Z
ph9XF39yjgU,UCatt7TBjfBkiJWx8khav_Gg,Piers Morgan Uncensored,2023-11-28T21:18:18Z
iVGje5ZAVE8,UC52X5wxOL_s5yw0dQk7NtgA,Associated Press,2023-11-28T23:11:48Z
JQ3jXmEs3Lo,UCm7lHFkt2yB_WzL67aruVBQ,Hindustan Times,2023-11-29T05:34:18Z
dgAysaub_AU,UCu6O9MhKi6m7pgJcchrkxjA,All Israel News,2023-11-29T10:27:18Z
xsOlv7KeYEU,UCawNWlihdgaycQpO3zi-jYg,Israel Defense Forces,2023-11-29T16:19:45Z
MuF-Crf0cHs,UCuZcBbMyT_BQb5LhtD8qw3A,yaakov ukrainian news back up,2023-11-29T16:32:32Z
J4Xhc1ztN0A,UCNye-wNBqNL5ZzHSJj3l8Bg,Al Jazeera English,2023-11-29T19:11:47Z
voe6i1x88ZM,UCTjDhFuGXlhx9Us0gq0VK2w,The Trump Report,2023-11-29T19:21:11Z
Cjahb8VllfQ,UCTrQ7HXWRRxr7OsOtodr2_w,Channel 4 News,2023-11-29T19:28:36Z
GXU2TMpuluA,UCupvZG-5ko_eiXAupbDfxWw,CNN,2023-11-29T22:06:23Z
DAp6gXocqUo,UCwWhs_6x42TyRM4Wstoq8HA,The Daily Show,2023-11-30T04:29:55Z
YA7EQK67kt4,UC7fWeaHhqgM4Ry-RMpM2YYw,TRT World,2023-11-30T06:49:06Z
7UNbj5KnOtE,UC-DIspwMPK5xbqzrTEhlSqQ,The Open University of Israel,2023-11-30T07:21:29Z
-lam2VM2i8M,UCm7lHFkt2yB_WzL67aruVBQ,Hindustan Times,2023-11-30T09:05:08Z
Q30D2SZlYMs,UCm7lHFkt2yB_WzL67aruVBQ,Hindustan Times,2023-11-30T10:25:21Z
D3yxSgvleaw,UCQ137sJ-dtlU-r5EDgMEPzg,Theseyt,2023-11-30T12:14:44Z
LFhbD1im_xI,UCvHDpsWKADrDia0c99X37vg,i24NEWS English,2023-11-30T12:35:09Z
81DWgfituMg,UC06gryP1oTCGEWbNW8pfIRA,TribunJatim Official,2023-11-30T14:00:05Z
UW1U2iKM9sE,UCh8t7sV_DBKz4A-RkL9feyg,Senator Marco Rubio,2023-11-30T18:13:23Z
NqFmX9tgnPI,UCGXirXVgKe_WsWHxcCIxL2g,The SETA Foundation at Washington DC,2023-11-30T21:35:35Z
vu4Txxw9bOo,UCupvZG-5ko_eiXAupbDfxWw,CNN,2023-12-01T03:02:31Z
5BsWl1OOr1M,UC1yBKRuGpC1tSM73A0ZjYjQ,The Young Turks,2023-12-01T03:13:51Z
-m5RdvZ-xVA,UCOutOIcn_oho8pyVN3Ng-Pg,TV9 Bharatvarsh,2023-12-01T03:58:32Z
oYwSCo-X870,UCJg9wBPyKMNA5sRDnvzmkdg,LiveNOW from FOX,2023-12-01T04:14:10Z
xI5GoPhvQ7o,UCV3Nm3T-XAgVhKH9jT0ViRg,AJ+,2023-12-01T04:45:04Z
6QyUI5BKQTA,UCO0akufu9MOzyz3nvGIXAAw,Sky News Australia,2023-12-01T07:18:03Z
458CxzkDAQ8,UCm7lHFkt2yB_WzL67aruVBQ,Hindustan Times,2023-12-01T08:15:52Z
M__7l4olPJU,UCm7lHFkt2yB_WzL67aruVBQ,Hindustan Times,2023-12-01T09:28:19Z
5pnP-jTtEBI,UCm7lHFkt2yB_WzL67aruVBQ,Hindustan Times,2023-12-01T10:40:00Z
Oh-cEC8dk1Q,UC6RJ7-PaXg6TIH2BzZfTV7w,Times Now,2023-12-01T11:36:55Z
Kpj6pLHYlNY,UC3XaG-7UVi2vD8ZZEMNnnpw,UNTV News and Rescue,2023-12-01T14:00:27Z
QrJNgVjqVu0,UC8p1vwvWtl6T73JiExfWs1g,CBS News,2023-12-01T14:34:28Z
K022NMIYqQU,UCNye-wNBqNL5ZzHSJj3l8Bg,Al Jazeera English,2023-12-01T14:55:00Z
8b4zOh8kar0,UCmRbHAgG2k2vDUvb3xsEunQ,CNBC-TV18,2023-12-01T15:06:40Z
8Jmf6dWAVdc,UCH1oRy1dINbMVp3UFWrKP0w,Good Morning America,2023-12-01T15:22:00Z
IEhUoQEe_b0,UChHYibjRDcE8Bkfg3sDPJEw,Bismillah,2023-12-01T15:35:03Z
uRmSZuvdwBs,UCPxMZIFE856tbTfdkdjzTSQ,BeerBiceps,2023-12-01T15:45:02Z
JLphqS0Psmk,UCTjDhFuGXlhx9Us0gq0VK2w,The Trump Report,2023-12-01T19:00:09Z
FpFwOm-K6FE,UCoMdktPbSTixAyNGwb-UYkQ,Sky News,2023-12-01T22:18:10Z
mZiuUxoHFrk,UCBi2mrWuNuyYy4gbM6fU18Q,ABC News,2023-12-02T00:23:29Z
GCDOlJdDKJw,UCAeWdyKJXGWmVAXFpgLNNTg,CBS Evening News,2023-12-02T00:58:59Z
qC5PyWTPMyo,UCK7IIV6Q2junGSdYK3BmZMg,TMZ,2023-12-02T01:14:26Z
Stsd_0OmVYA,UC8p1vwvWtl6T73JiExfWs1g,CBS News,2023-12-02T01:35:24Z
SqwC88DiG6c,UCJHk7NZyFnyphA_jfdK5rvA,Living Lchaim,2023-12-02T03:00:24Z
4l556W2LMzE,UCupvZG-5ko_eiXAupbDfxWw,CNN,2023-12-02T03:16:57Z
ElPxuYmUujk,UCkRP0nS2qERsw-U-OTLbI0A,FOX31 Denver,2023-12-02T04:45:12Z
lo_0cBPOJ9k,UCwqusr8YDwM-3mEYTDeJHzw,Republic World,2023-12-02T05:24:21Z
3j31fyvEFoc,UCZFMm1mMw0F81Z37aaEzTUA,NDTV,2023-12-02T10:53:46Z
QJ6sjg7SXOQ,UC16niRr50-MSBwiO3YDb3RA,BBC News,2023-12-02T11:22:09Z
oG6rZr__J2Y,UC3XaG-7UVi2vD8ZZEMNnnpw,UNTV News and Rescue,2023-12-02T12:45:15Z
lwWzxzYNfMA,UC86dbj-lbDks_hZ5gRKL49Q,AFP News Agency,2023-12-02T13:07:00Z
p_sHE35OVzE,UCDGIz4ldT9cxTo6kCzpRQHg,The Crossfire Gaming Squad,2023-12-02T15:32:31Z
_9-u8LwhiZk,UC3M7l8ved_rYQ45AVzS0RGA,The Jimmy Dore Show,2023-12-02T15:42:27Z
1ZBW7KGVJ2k,UCNye-wNBqNL5ZzHSJj3l8Bg,Al Jazeera English,2023-12-02T17:30:00Z
6VEjfHlWh5E,UCaXkIU1QidjPwiAYu6GcHjg,MS NOW,2023-12-02T19:45:00Z
h7cg9Spa3w8,UCRNcrDB4rf-zWsPTsEL0Iag,Peninsula Muslim Association,2023-12-02T20:37:19Z
EWzkx-tVMP0,UCi7Zk9baY1tvdlgxIML8MXg,CTV News,2023-12-02T21:11:11Z
MB1X4eQaABE,UC8x-ME8vIQtckyHbunIuTrw,INSURANCE TECH OFFICIAL,2023-12-03T04:21:49Z
YzZHP5tHXvM,UC_1mDKnRagiJYrS060VQ9ig,OldQueenTV,2023-12-03T12:13:44Z
4VsYt6WTejk,UCcEwRqbeDFYC4hBJzlDyYuw,The Daily Scoop,2023-12-03T12:30:04Z
v2LF15ou3Uw,UCdf_ow6WaQEfQm7rfg6TMBA,Ponavinaash,2023-12-03T12:52:03Z
EhY6nZtGDO0,UCVHKNEtUu-DqZfHCA2NQ6rQ,Breaking the Silence / שוברים שתיקה,2023-12-03T14:00:18Z
lWP0tAoOPlk,UC2x_qNZXKDxNP1j4jvHATRQ,Face the Nation,2023-12-03T17:18:38Z
Eg8e1QKknpw,UCoMdktPbSTixAyNGwb-UYkQ,Sky News,2023-12-03T19:26:51Z
3akMF0CrnmM,UCAeWdyKJXGWmVAXFpgLNNTg,CBS Evening News,2023-12-04T00:44:08Z
PpoB-KFGdWI,UC8g7X43hwdP33YPjvL5zR2A,Casual Gamer,2023-12-04T01:33:37Z
blNPK4IInto,UCvi6hEzLM-Z_unKPSuuzKvg,ANC 24/7,2023-12-04T01:55:13Z
FohfZEQVXMI,UCsN32BtMd0IoByjJRNF12cw,60 Minutes,2023-12-04T08:40:51Z
aneX9_JxuTE,UCXam0UQg9Xr0_OarTKNMFCQ,Andrew Bustamante,2023-12-04T16:03:25Z
ciRhk_7Vo50,UCj0TppyxzQWm9JbMg3CP8Rg,CGTN Europe,2023-12-04T16:06:18Z
f6p31jRzgsw,UC2a35q7eyzkfoIusBzdH4Hw,Newsweek,2023-12-04T19:11:29Z
kVkzJE9dn2Q,UCPWXiRWZ29zrxPFIQT7eHSA,The Hill,2023-12-04T19:43:09Z
lQq9djupPpM,UCXIJgqnII2ZOINSWNOGFThA,Fox News,2023-12-04T21:30:06Z
tp4vTurumyQ,UCm7Dm_26h4qkhlNCRJSctBw,The Serf Times,2023-12-05T00:00:59Z
1QW0ys8C5E4,UCg40OxZ1GYh3u3jBntB6DLg,Forbes Breaking News,2023-12-05T01:00:00Z
vjTiIQHc0k4,UC1yBKRuGpC1tSM73A0ZjYjQ,The Young Turks,2023-12-05T04:00:31Z
cI7Vts-yjc0,UCNye-wNBqNL5ZzHSJj3l8Bg,Al Jazeera English,2023-12-05T09:24:38Z
4fQik7GvBuk,UCm7lHFkt2yB_WzL67aruVBQ,Hindustan Times,2023-12-05T10:27:49Z
s6y9-iBbCro,UCTjDhFuGXlhx9Us0gq0VK2w,The Trump Report,2023-12-05T10:30:19Z
SWDIrOma5C0,UCw3fku0sH3qA3c3pZeJwdAw,Daily Mail World,2023-12-05T11:28:24Z
Eyb5UWptFzA,UCrgfzz363mvWpOVPMOa1tMg,Analyst News,2023-12-05T12:38:55Z
DeT9QRil0yA,UChDKyKQ59fYz3JO2fl0Z6sg,TODAY,2023-12-05T13:00:11Z
9KhmAGkW7tM,UCm7lHFkt2yB_WzL67aruVBQ,Hindustan Times,2023-12-05T13:10:00Z
D9ytMev88Nw,UC3prwMn9aU2z5Y158ZdGyyA,CRUX,2023-12-05T16:45:00Z
EFrJSRbQM8s,UCupvZG-5ko_eiXAupbDfxWw,CNN,2023-12-05T17:05:12Z
PzJi5B-XffM,UCjlTi6xKCRYjVfLGmUSDtCQ,Conduit Church,2023-12-05T22:27:25Z
0g5hFVc28MA,UCRNf0_t4Qo5eojj8sSvd_8A,13WMAZ,2023-12-05T23:12:27Z
EOHjBwCRDpU,UC2h-WS3ivlK9ZTmxwtUvpoA,VxNova,2023-12-05T23:51:36Z
rnQjH8lyXTU,UCeY0bbntWzzVIaj2z3QigXg,NBC News,2023-12-06T03:00:33Z
QRQR_EKN5HQ,UCfv35fnCnT_h2HEaTFnn4Ng,CGTN Global Watch,2023-12-06T03:22:31Z
tp0KSz_7vVQ,UCJg9wBPyKMNA5sRDnvzmkdg,LiveNOW from FOX,2023-12-06T03:39:53Z
W3QnAGFZ_qk,UCQfwfsi5VrQ8yKZ-UWmAEFg,FRANCE 24 English,2023-12-06T04:56:17Z
WmCheyYHGNM,UCnyCrv8b7bu0oWFXGyHaPzg,TRT World Now,2023-12-06T13:27:24Z
UNemOnKGrJs,UC_gUM8rL-Lrg6O3adPW9K1g,WION,2023-12-07T05:23:52Z
__ORNJOC1Po,UC_gUM8rL-Lrg6O3adPW9K1g,WION,2023-12-07T05:24:18Z
O7nXCgk-dsQ,UCN7B-QD0Qgn2boVH5Q0pOWg,BBC News Hindi,2023-12-07T05:53:04Z
OqiY3Ny6ZcA,UCm7lHFkt2yB_WzL67aruVBQ,Hindustan Times,2023-12-07T10:30:46Z
oucjZ7kkwKs,UCNye-wNBqNL5ZzHSJj3l8Bg,Al Jazeera English,2023-12-07T14:33:47Z
gjknzdNxUD4,UC2x_qNZXKDxNP1j4jvHATRQ,Face the Nation,2023-12-07T17:35:05Z
YLxnhFuUlnQ,UC3M7l8ved_rYQ45AVzS0RGA,The Jimmy Dore Show,2023-12-07T19:01:09Z
ShUE4Py3vxU,UCwyKQGt9YzuucslxNigbxlQ,PodFlash,2023-12-07T21:00:12Z
vprdsXzifbU,UCCDrI4ogZ8avR6xVcHhobPQ,The News Forum,2023-12-07T22:14:21Z
XKLzJzk4R10,UC1yBKRuGpC1tSM73A0ZjYjQ,The Young Turks,2023-12-08T03:00:25Z
FaPQQaNHX20,UC0glVKvJKC735bcBTnv_FCg,Ys Breaking news,2023-12-08T03:48:32Z
VTBwXQzUc3U,UCR0fZh5SBxxMNYdg0VzRFkg,Middle East Eye,2023-12-08T08:47:08Z
KCs89vj01Zw,UCNye-wNBqNL5ZzHSJj3l8Bg,Al Jazeera English,2023-12-08T12:45:01Z
aRQ_BcGPC2A,UC5PW5VO-CIZxbXN1FdGtODw,Geopolitics & Money (Geopolitics In Conflict Show),2023-12-08T14:00:02Z
pK40EPxBtMQ,UCw3fku0sH3qA3c3pZeJwdAw,Daily Mail World,2023-12-08T15:07:29Z
8QsIz5JHQ-c,UC7hCyOrxFLSSyyonWLVcreg,TRT World Forum,2023-12-08T15:30:12Z
DEBNPyPhOyM,UC4zGS_Ap-XpqwGki4E6n3uQ,Far Media World,2023-12-08T15:57:00Z
A-GvZCjcR1M,UC7hQS4Zc4geQNlGVCwPNd_w,SAD CAT SAD STORIES,2023-12-08T17:17:50Z
abNs1u2B-CA,UCDMs1jHkwdUyFTJFYn2sXCA,AI GOOD NEWS ,2023-12-08T19:00:02Z
7tY5wbXU2zs,UCAeWdyKJXGWmVAXFpgLNNTg,CBS Evening News,2023-12-09T01:11:42Z
-yaJ7JsbfNY,UCijDos-LUTh9RQvSCMQqN6Q,EWTN,2023-12-09T02:00:00Z
isWAKfUU3B4,UCDIBrdXUEImTLew5a8S-vNQ,AfrikTimes,2023-12-09T02:51:33Z
wV4yfycpFcc,UCef1-8eOpJgud7szVPlZQAQ,CNN-News18,2023-12-09T03:09:04Z
c3AbRYwiifw,UCXN-2feOwCeCpKefUhVyOYQ,American Me Podcast ,2023-12-09T03:23:38Z
G7QzVCuh6aI,UCef1-8eOpJgud7szVPlZQAQ,CNN-News18,2023-12-09T05:08:32Z
ub9FICsJCRc,UCC-YG6gBZNmdxYfQZnwCX4A,Serambinews,2023-12-09T07:06:38Z
l1lCQV1MHtI,UCNye-wNBqNL5ZzHSJj3l8Bg,Al Jazeera English,2023-12-09T09:23:41Z
JKWAUbTJ3MY,UC4zGS_Ap-XpqwGki4E6n3uQ,Far Media World,2023-12-09T11:06:22Z
v2mZxxPov7A,UCbq6VbGmTdDi1L7xLvDaGgQ,MaxFosterCNN,2023-12-09T12:38:01Z
FcUWJIEZ6Ww,UCb1Ti1WKPauPpXkYKVHNpsw,LBC,2023-12-09T14:00:09Z
x1-VoD1JDbQ,UCIAm7kJwAooukb_tvMELksg,Shafekul Abid,2023-12-09T15:32:51Z
-N5W_akdlOA,UCV3AkAsIDQjNQJHQgYwXjQA,Pathfinder by Unacademy,2023-12-09T15:51:31Z
HhaKuATVqu8,UCME81PohuzT1JMCsEtvsD2w,On Demand News,2023-12-09T16:30:03Z
kZag0-Chr2g,UC6qjU7es8bQroVUfZVVzKqg,Shehab Khan,2023-12-09T17:59:30Z
fD3tF0qyuxg,UC7fKPDSX8niL7mb3ZBKT7IQ,J Origins,2023-12-09T18:06:36Z
KOYKYVtO-Rg,UCJg9wBPyKMNA5sRDnvzmkdg,LiveNOW from FOX,2023-12-09T21:55:14Z
_lnRhsbDW4E,UCRK4FDIkUyslEAUdyRDdCtQ,NEWS9 Live,2023-12-10T03:47:04Z
M6b4hgHLVMM,UC7fWeaHhqgM4Ry-RMpM2YYw,TRT World,2023-12-10T06:50:49Z
wz12dOE96g8,UCrW14c9ZantMGeVxTA0lQBw,Zee News English,2023-12-10T07:25:04Z
g3fmEJss40M,UCawNWlihdgaycQpO3zi-jYg,Israel Defense Forces,2023-12-10T09:41:16Z
j8ri82EhEkg,UCtTSYCBRRUStmL2oQLaqbDQ,The New Arab,2023-12-10T10:58:24Z
MiBjWeZVWSE,UCNye-wNBqNL5ZzHSJj3l8Bg,Al Jazeera English,2023-12-10T12:53:40Z
H-eyzkI9eyw,UC8g7X43hwdP33YPjvL5zR2A,Casual Gamer,2023-12-10T17:04:26Z
GeUHis_oQL0,UC8g7X43hwdP33YPjvL5zR2A,Casual Gamer,2023-12-10T17:24:33Z
Ae0zPI8IYcY,UC2x_qNZXKDxNP1j4jvHATRQ,Face the Nation,2023-12-10T18:24:57Z
mq04HvO0448,UC9ZSpJAFJgP8VLUuFWXm5FQ,Paraparappu Media,2023-12-11T08:30:11Z
bRNZVUfgkTI,UCaGCg20T6NcBs0NMU1D4-Rg,Stand Tall Israel,2023-12-11T13:00:11Z
uOvP3J3QBtU,UC7fWeaHhqgM4Ry-RMpM2YYw,TRT World,2023-12-11T15:16:08Z
hyO9SlPR7fE,UCzuqE7-t13O4NIDYJfakrhw,Democracy Now!,2023-12-11T15:33:26Z
e3TM4KWtpTI,UCC-YG6gBZNmdxYfQZnwCX4A,Serambinews,2023-12-11T15:40:46Z
Im-SV-DfJfM,UCTrQ7HXWRRxr7OsOtodr2_w,Channel 4 News,2023-12-11T17:41:03Z
LDdyi40uRNo,UC-LfzDKjEdSILS_hmgD93-g,Holy WOW,2023-12-12T01:15:11Z
BRpxMOI2HX8,UCCjG8NtOig0USdrT5D1FpxQ,NewsNation,2023-12-12T02:13:19Z
JU1CFPoqpbw,UCQvcXzhYS0X-fH6PjVGEBDw,AranSei,2023-12-12T03:30:05Z
7Y99f6Nh8_0,UCm7lHFkt2yB_WzL67aruVBQ,Hindustan Times,2023-12-12T06:44:17Z
kOSVKkE43j0,UCRIrAXzyn11EzeLpEKhVDuQ,DW தமிழ்,2023-12-12T06:54:45Z
SiGusU0uu3c,UCknLrEdhRCp1aegoMqRaCZg,DW News,2023-12-12T07:02:58Z
IOG-5AFushk,UCN7B-QD0Qgn2boVH5Q0pOWg,BBC News Hindi,2023-12-12T07:44:42Z
-yrBzGRhWN4,UCm7lHFkt2yB_WzL67aruVBQ,Hindustan Times,2023-12-12T09:30:00Z
PWtbkotIqiE,UC7fWeaHhqgM4Ry-RMpM2YYw,TRT World,2023-12-12T09:49:21Z
sMToUDNiamc,UCm8xu4eAZz4qPDBQTCtDFVA,Dandan Prager - Pangburn Universe,2023-12-12T11:00:41Z
MDH47Wr5-F8,UCpC2ZVGTtyj5MQrikxlWyvA,MP News,2023-12-12T11:29:00Z
rMhy9KFmCtI,UCIRYBXDze5krPDzAEOxFGVA,Guardian News,2023-12-12T11:45:35Z
ivtIWX4UBj0,UCQfwfsi5VrQ8yKZ-UWmAEFg,FRANCE 24 English,2023-12-12T13:52:57Z
yZYaOFfTqM4,UCK7tptUDHh-RYDsdxO1-5QQ,The Wall Street Journal,2023-12-12T14:00:40Z
h8j6b6yuCBo,UCIZJ9a6P_nxCFJTmL0gh_IQ,Al Arabiya English,2023-12-12T14:16:20Z
ZDvdJJZhN08,UC73H5p3GP8b5N1f3hozIXyQ,TBN Israel,2023-12-12T15:15:03Z
TIO_S4BBfM4,UCJg9wBPyKMNA5sRDnvzmkdg,LiveNOW from FOX,2023-12-12T15:42:21Z
-d1Tqos55Hg,UCYYoGcuMMfbMrNoWq2d0Law,World Times CSS Videos,2023-12-12T16:00:10Z
KjT3uiL6obc,UCuqdsYT5rFqw0L5oO_HwvgA,WarLeaks - Military Blog,2023-12-12T16:00:19Z
RNnmhkSZnkw,UC2x_qNZXKDxNP1j4jvHATRQ,Face the Nation,2023-12-12T16:42:56Z
bpvmfHD-pYg,UC-SJ6nODDmufqBzPBwCvYvQ,CBS Mornings,2023-12-12T17:48:34Z
YmhMI1UCOMg,UC_gUM8rL-Lrg6O3adPW9K1g,WION,2023-12-12T18:17:03Z
IRS179m3bRw,UCaXkIU1QidjPwiAYu6GcHjg,MS NOW,2023-12-12T20:00:12Z
psUFb1DKeAM,UCatt7TBjfBkiJWx8khav_Gg,Piers Morgan Uncensored,2023-12-12T21:12:22Z
5hoCaG-JlsY,UCJg9wBPyKMNA5sRDnvzmkdg,LiveNOW from FOX,2023-12-12T21:43:06Z
-yLj3O0ZtPk,UCD8YGIxFCnVqv-ZGqgtVWAg,Erick Stakelbeck on TBN,2023-12-12T21:44:13Z
LnVST02SFfc,UCIzXayRP7-P0ANpq-nD-h5g,The Sun,2023-12-12T23:00:17Z
nzVprK0gPbY,UCmuTmpLY35O3csvhyA6vrkg,TeleSUR English,2023-12-12T23:40:05Z
m4ODuekA58I,UChLtXXpo4Ge1ReTEboVvTDg,Global News,2023-12-13T00:25:12Z
6UDG8YYKcrk,UCFFH5evu8M6nzBlpv6CDEnw,A Wondering Wandering Atheist,2023-12-13T04:01:42Z
ZBPwQ8lUkzg,UCef1-8eOpJgud7szVPlZQAQ,CNN-News18,2023-12-13T04:08:44Z
TqSnmrbe9z8,UCmxAIW7RDDC88EPk4ry16Kg,Tribunnews,2023-12-13T04:12:25Z
nU4-2hOnajg,UCNye-wNBqNL5ZzHSJj3l8Bg,Al Jazeera English,2023-12-13T04:57:36Z
QyqfqeFn8gw,UCKe4Fry0MyvT_SRrmn0_MiQ,WISH-TV,2023-12-13T05:17:22Z
Wq3qrylBcgA,UCO0akufu9MOzyz3nvGIXAAw,Sky News Australia,2023-12-13T07:21:12Z
tlIQW6Cn5kk,UC16niRr50-MSBwiO3YDb3RA,BBC News,2023-12-13T08:00:28Z
li7IkSIs-AQ,UCIZJ9a6P_nxCFJTmL0gh_IQ,Al Arabiya English,2023-12-13T08:50:07Z
n3F5STa7KAY,UCHpw8xwDNhU9gdohEcJu4aA,The Guardian,2023-12-13T09:00:24Z
pIWKkl0_I5E,UCYV9UhlTIojJGzAaInoKkxQ,Activism Uncensored,2023-12-13T09:00:38Z
Cb1TTqh5f2A,UCYPvAwZP8pZhSMW8qs7cVCw,India Today,2023-12-13T09:20:45Z
Ew1ubBg_q3s,UCCCPCZNChQdGa9EkATeye4g,FRANCE 24,2023-12-13T09:51:56Z
W7Z8MRjtqMM,UCxUKYWkhDQq2m3E3Ja8Uh6w,Statecraft,2023-12-13T10:38:40Z
yUs9nN5WgsY,UCN7B-QD0Qgn2boVH5Q0pOWg,BBC News Hindi,2023-12-13T10:57:51Z
Pk7x663iGwY,UCVq1pFXd6mwNe6fpKmNiyJw,And Palestine 🇵🇸,2023-12-13T11:32:36Z
OUMl58i4m0w,UCSajd4i4WsFI4JxsJ_vYbTw,ארץ נהדרת,2023-12-13T14:45:44Z
lZYLBertfSk,UCSq3p5NKEtyp5Rjd4ctiEbg,Task & Purpose,2023-12-13T15:53:39Z
ILKFNCV5AnM,UCz8QaiQxApLq8sLNcszYyJw,Firstpost,2023-12-13T16:56:00Z
PNpYpV0WRqM,UCPG4qeLbWcnIQifLtvFIs0w,Eman Nafad,2023-12-13T21:00:24Z
a2uImUliSZk,UC6ZFN9Tx6xh-skXCuRHCDpQ,PBS NewsHour,2023-12-13T23:27:26Z
wKqan8mwC7E,UCR0fZh5SBxxMNYdg0VzRFkg,Middle East Eye,2023-12-13T23:30:10Z
3-w2cJSYbqI,UCawNWlihdgaycQpO3zi-jYg,Israel Defense Forces,2023-12-14T01:06:15Z
hWh9XgXn1LU,UChLtXXpo4Ge1ReTEboVvTDg,Global News,2023-12-14T03:00:17Z
BBwuHZbfOIQ,UCYPvAwZP8pZhSMW8qs7cVCw,India Today,2023-12-14T08:30:03Z
ItzKm0uxM4E,UCoMdktPbSTixAyNGwb-UYkQ,Sky News,2023-12-14T08:57:35Z
ckdq9bukgpQ,UCm7lHFkt2yB_WzL67aruVBQ,Hindustan Times,2023-12-14T10:47:00Z
a-WpWZgXWLk,UC-quXDqG5nLi-t2RyoDxW-g,Inside Story,2023-12-14T11:52:16Z
6OT8t1UGDdg,UCNye-wNBqNL5ZzHSJj3l8Bg,Al Jazeera English,2023-12-14T17:30:37Z
mKjMSXbQ6SY,UCIFGLFUgxRufs0od0acMzuQ,Rabbi Shmuley,2023-12-14T19:56:36Z
AznR0aEl70s,UCckHqySbfy5FcPP6MD_S-Yg,Times Of India,2023-12-14T21:05:13Z
95mfOUU-cnI,UCytSP0M0Jdnw6qIy3Y-nTig,NewsX Live,2023-12-15T04:28:08Z
Pk_HhlS7u00,UCCjG8NtOig0USdrT5D1FpxQ,NewsNation,2023-12-15T08:01:00Z
gVE-1cmXbvE,UCNye-wNBqNL5ZzHSJj3l8Bg,Al Jazeera English,2023-12-15T08:16:16Z
vYnPbr-iojI,UCQfwfsi5VrQ8yKZ-UWmAEFg,FRANCE 24 English,2023-12-15T10:40:11Z
pEh4u9CEjCU,UCEHYbfs9wWuuLPPpbz0VV8Q,The Daily Jagran,2023-12-15T12:43:22Z
0G6KOXnDGyU,UChDKyKQ59fYz3JO2fl0Z6sg,TODAY,2023-12-15T13:30:00Z
7SkK9Rh9SYU,UC-SJ6nODDmufqBzPBwCvYvQ,CBS Mornings,2023-12-15T13:58:58Z
gXjs6kY8_kU,UC3prwMn9aU2z5Y158ZdGyyA,CRUX,2023-12-15T16:45:02Z
MIh_Bed28WI,UC0rkMHUyPDWjgQGr5FANxyQ,Everything Islam,2023-12-15T17:51:19Z
yOOT-fmAOgU,UC-SJ6nODDmufqBzPBwCvYvQ,CBS Mornings,2023-12-15T18:14:06Z
TRa1dgp9hyw,UC3prwMn9aU2z5Y158ZdGyyA,CRUX,2023-12-15T23:43:44Z
zVpwdb2HclM,UCz8QaiQxApLq8sLNcszYyJw,Firstpost,2023-12-16T01:00:16Z
wJVOFVkaq3s,UCpgPDLkeAbLewDw2DFYvECw,Kellerman Komedy,2023-12-16T04:43:24Z
TnDi9Nv8Vsg,UCUQ0emYF0yHGea7qRuVsExg,MBM ,2023-12-16T05:35:00Z
hjqQKELwTFg,UCm7lHFkt2yB_WzL67aruVBQ,Hindustan Times,2023-12-16T13:10:00Z
5ZSsL2poUhs,UCiUteckG37fXz0g5h8iZ_0g,Ward Carroll,2023-12-16T14:50:22Z
gEERC0Rz6b0,UCPWXiRWZ29zrxPFIQT7eHSA,The Hill,2023-12-16T16:00:29Z
ebF60jUm6HY,UCvoPMrIWnxmWJ_ZArGjQpQQ,Osama Javaid Waraich | OJW |,2023-12-16T20:42:09Z
_MqFzmq971c,UCVxBA3Cbu3pm8w8gEIoMEog,ABC7,2023-12-16T21:10:19Z
3Ba3fQ-kUWM,UCn9hbB5cuRAlEYJsOBtZPog,Humboldt Freelance Reporting,2023-12-16T21:52:37Z
YaTwM3nff6U,UCJg9wBPyKMNA5sRDnvzmkdg,LiveNOW from FOX,2023-12-16T22:08:13Z
ArM40bzUrXM,UCg_nzN_60_LfeAXhlKa8wvA,Everyday Worldview,2023-12-17T11:30:07Z
rzOs4wM3o2c,UCawNWlihdgaycQpO3zi-jYg,Israel Defense Forces,2023-12-17T15:16:00Z
z0faNMKyaS8,UCwqusr8YDwM-3mEYTDeJHzw,Republic World,2023-12-17T15:21:53Z
h1NW1MNNH1s,UCPgLNge0xqQHWM5B5EFH9Cg,The Telegraph,2023-12-17T16:57:55Z
sQeppBzF-7Y,UCoMdktPbSTixAyNGwb-UYkQ,Sky News,2023-12-17T17:40:15Z
KONxt_SY_3M,UCp8DG8-68JptV1vEMNaAeLA,Ainchor Clips,2023-12-17T18:00:40Z
ixynqr-88gE,UCsN32BtMd0IoByjJRNF12cw,60 Minutes,2023-12-18T01:03:23Z
cmKFfsY0HxA,UCN7B-QD0Qgn2boVH5Q0pOWg,BBC News Hindi,2023-12-18T04:00:10Z
9-xVmSnHZKo,UCm0yTweyAa0PwEIp0l3N_gA,TalkTV,2023-12-18T11:30:04Z
c4V11nl_hE4,UC0vn8ISa4LKMunLbzaXLnOQ,GBNews,2023-12-18T11:31:34Z
IxS-dzapcFw,UCTxO4Air5wDZY54QFxAj4kA,oleena vlogs,2023-12-18T12:19:56Z
4tO0uVfJ9Fs,UCm7lHFkt2yB_WzL67aruVBQ,Hindustan Times,2023-12-18T14:30:01Z
fE7lAEADbo4,UC-UmpVXwU1m_4_p0QeqtSNg,Science Modern Era,2023-12-18T17:22:59Z
z4aP3buDxng,UCNye-wNBqNL5ZzHSJj3l8Bg,Al Jazeera English,2023-12-18T17:30:08Z
jfpYx5j-cl0,UC-SJ6nODDmufqBzPBwCvYvQ,CBS Mornings,2023-12-18T17:39:01Z
t4uan7ZXKd8,UCjxno0DrFwwhgm9bYMq4PFQ,Hassell Unfiltered,2023-12-18T18:30:27Z
rEdjL2sjfHQ,UCoMdktPbSTixAyNGwb-UYkQ,Sky News,2023-12-18T21:42:57Z
iZlQOjq4EvM,UCR0fZh5SBxxMNYdg0VzRFkg,Middle East Eye,2023-12-18T22:02:25Z
8KaF81-2oa8,UCJHk7NZyFnyphA_jfdK5rvA,Living Lchaim,2023-12-19T00:42:01Z
t3GgC_GtjRs,UCe0KENqB0YsQBpKMM9PH1-Q,Denice Gary-Pandol - Former Senatorial Candidate,2023-12-19T03:05:53Z
aZ-dYQ0Xyqk,UCMH5lA-E0xuaaozB1lRWIQg,Kidoonic,2023-12-19T07:59:22Z
2yYtQJ71Rkg,UCeY0bbntWzzVIaj2z3QigXg,NBC News,2023-12-19T13:00:01Z
ZplwYDlkRP8,UC6RJ7-PaXg6TIH2BzZfTV7w,Times Now,2023-12-19T15:42:36Z
PGxxYzxIq2o,UCIRYBXDze5krPDzAEOxFGVA,Guardian News,2023-12-19T15:45:46Z
9m7zRYcy7sw,UChLtXXpo4Ge1ReTEboVvTDg,Global News,2023-12-19T22:23:04Z
cI-YqklQbpI,UCHyKw2eTvVOwnIGTCApFkKg,Hillel Fuld,2023-12-20T00:03:06Z
6-vzy4tYfaI,UC3ScyryU9Oy9Wse3a8OAmYQ,FRONTLINE PBS | Official,2023-12-20T00:12:41Z
c5gKaqOrCpk,UC3ScyryU9Oy9Wse3a8OAmYQ,FRONTLINE PBS | Official,2023-12-20T03:00:15Z
iWoP3EZM6A0,UCHd62-u_v4DvJ8TCFtpi4GA,Washington Post,2023-12-20T03:15:07Z
kNB9_hfZ7XE,UCR0fZh5SBxxMNYdg0VzRFkg,Middle East Eye,2023-12-20T08:46:50Z
mIgoSADDuGk,UCYV9UhlTIojJGzAaInoKkxQ,Activism Uncensored,2023-12-20T09:00:36Z
oWP1Tb33YcQ,UCawNWlihdgaycQpO3zi-jYg,Israel Defense Forces,2023-12-20T09:40:19Z
8IZdRmVW6L4,UC16niRr50-MSBwiO3YDb3RA,BBC News,2023-12-20T10:27:35Z
togLIOLYxT0,UC4x7LYSzgGH-TMKc9J8pwgQ,נפתלי בנט | Naftali Bennett,2023-12-20T14:36:51Z
nbjVUnnB1lU,UC1fP6a2caUnFfruID8WKMSg,The Orwellian 84 ,2023-12-20T17:04:09Z
S7z9xgVhaMM,UCKe4Fry0MyvT_SRrmn0_MiQ,WISH-TV,2023-12-20T22:43:42Z
2w7-equf8Lk,UCPWXiRWZ29zrxPFIQT7eHSA,The Hill,2023-12-20T23:02:23Z
aNfUGTHu5fc,UCBi2mrWuNuyYy4gbM6fU18Q,ABC News,2023-12-21T02:29:05Z
aq8-IdKs9Eo,UCN7B-QD0Qgn2boVH5Q0pOWg,BBC News Hindi,2023-12-21T07:17:36Z
YjABlrTwd-Q,UCN7B-QD0Qgn2boVH5Q0pOWg,BBC News Hindi,2023-12-21T09:20:00Z
_3OaEIfJm60,UCIZJ9a6P_nxCFJTmL0gh_IQ,Al Arabiya English,2023-12-21T09:35:19Z
DScmmguXYwk,UCm7lHFkt2yB_WzL67aruVBQ,Hindustan Times,2023-12-21T12:00:09Z
dURg-U1bv1I,UCm7lHFkt2yB_WzL67aruVBQ,Hindustan Times,2023-12-21T12:15:03Z
aMLD-9aOfcI,UCX4py0rkBIdjUqNJCH_JQDw,No Comment TV,2023-12-21T12:43:37Z
m4-O5NkdHeU,UCj7wKsOBhRD9Jy4yahkMRMw,CGTN America,2023-12-21T22:20:14Z
C7WmUfWn1X8,UC3prwMn9aU2z5Y158ZdGyyA,CRUX,2023-12-22T02:26:36Z
_A6PYYqAP14,UCO0akufu9MOzyz3nvGIXAAw,Sky News Australia,2023-12-22T03:51:01Z
gXAPMuJ3vyc,UCN7B-QD0Qgn2boVH5Q0pOWg,BBC News Hindi,2023-12-22T05:00:29Z
Lhv_lL4wnNA,UCnyCrv8b7bu0oWFXGyHaPzg,TRT World Now,2023-12-22T10:56:13Z
UqXI7_Kh2mk,UCzWlUh1-9kjFjxmOZ_Mi3dA,Charley Warady,2023-12-22T11:48:28Z
LDnDN1DwctE,UC16niRr50-MSBwiO3YDb3RA,BBC News,2023-12-22T11:58:09Z
kOETWHFHbK0,UCRK4FDIkUyslEAUdyRDdCtQ,NEWS9 Live,2023-12-22T16:25:44Z
FwkJ6l1X-KY,UCef1-8eOpJgud7szVPlZQAQ,CNN-News18,2023-12-22T17:48:30Z
-ZPl0369NVE,UCoMdktPbSTixAyNGwb-UYkQ,Sky News,2023-12-22T18:45:22Z
QDe_aGy1teI,UCBi2mrWuNuyYy4gbM6fU18Q,ABC News,2023-12-22T19:30:37Z
BcAckzxZAV0,UCLJYPSTdG2CDLo6PdHFztvw,Intel Monkey,2023-12-22T21:25:38Z
0CUYdj-rReQ,UCMliswJ7oukCeW35GSayhRA,WSJ News,2023-12-22T23:43:34Z
CjH828vZtC8,UCVgO39Bk5sMo66-6o6Spn6Q,ABC News (Australia),2023-12-23T01:23:16Z
2lhnZzLR2is,UCRK4FDIkUyslEAUdyRDdCtQ,NEWS9 Live,2023-12-23T03:40:38Z
RYPnewVykcY,UCV3Nm3T-XAgVhKH9jT0ViRg,AJ+,2023-12-23T06:45:01Z
el82q1ZTimk,UCN7B-QD0Qgn2boVH5Q0pOWg,BBC News Hindi,2023-12-23T07:02:34Z
RL9DZX6Z11A,UCQfwfsi5VrQ8yKZ-UWmAEFg,FRANCE 24 English,2023-12-23T10:30:48Z
121VU7FC_WA,UCC-YG6gBZNmdxYfQZnwCX4A,Serambinews,2023-12-23T13:13:07Z
TgVnyzjscIg,UCKt7TllYnUsCkocpzeX7Tfw,StratNewsGlobal,2023-12-23T15:30:07Z
HxP88UHk7jQ,UCJg9wBPyKMNA5sRDnvzmkdg,LiveNOW from FOX,2023-12-23T21:43:23Z
O-GAva29AHA,UCZEKJey0wYOGFadxLo4eSNw,Bismilai i Rahman i Rahim ,2023-12-23T22:07:32Z
-LxhWtaiKO0,UC4DC_ogWXR3veQODauNR6Ig,catty news,2023-12-23T23:46:01Z
CZsdW1tvC4M,UCtueDk_05YmFFO3J5RRIHWA,WhyBee Inspire,2023-12-24T05:00:05Z
Y1VqdiDRxLI,UC_r9VHW4qhJyvsyomuuY0Hw,Eli G,2023-12-24T06:54:48Z
EjPRqH0t3Xo,UCN7B-QD0Qgn2boVH5Q0pOWg,BBC News Hindi,2023-12-24T12:35:46Z
9dZEyfNkyKU,UCmouT0FDMQC8PH8CbQFdHUw,Today Unpacked,2023-12-24T13:00:07Z
BcnJq9RA3N0,UCz8QaiQxApLq8sLNcszYyJw,Firstpost,2023-12-24T14:38:07Z
PSl5gXloEHY,UCJHk7NZyFnyphA_jfdK5rvA,Living Lchaim,2023-12-24T17:00:48Z
A-wukMqwrWo,UCBi2mrWuNuyYy4gbM6fU18Q,ABC News,2023-12-24T17:02:19Z
X8UordKXpNQ,UCmouT0FDMQC8PH8CbQFdHUw,Today Unpacked,2023-12-24T19:18:12Z
Kth_d8mboIk,UCnyCrv8b7bu0oWFXGyHaPzg,TRT World Now,2023-12-25T11:28:28Z
0yZLleMKszM,UCm7lHFkt2yB_WzL67aruVBQ,Hindustan Times,2023-12-25T12:10:45Z
eF3tiMTVX40,UCj0TppyxzQWm9JbMg3CP8Rg,CGTN Europe,2023-12-25T13:50:15Z
l6azhl0KlUs,UCawNWlihdgaycQpO3zi-jYg,Israel Defense Forces,2023-12-25T13:59:33Z
YqQg-1_I4LU,UCm7lHFkt2yB_WzL67aruVBQ,Hindustan Times,2023-12-25T14:50:00Z
TQ00L3DEJyg,UCtueDk_05YmFFO3J5RRIHWA,WhyBee Inspire,2023-12-25T15:59:57Z
oUw8Lc9lp80,UCR0fZh5SBxxMNYdg0VzRFkg,Middle East Eye,2023-12-26T00:28:24Z
AiBNCT-5y3c,UCtWWry0cgjWi9C0Ye9sh6og,news.com.au,2023-12-26T02:40:28Z
v0GBO3LWcTM,UCvRAX-ujvZ0eTMLGG2vki9w,INQUIRER.net,2023-12-26T02:48:10Z
O7c25hFgIus,UCKjU3KzdbJE1EFcHVqXC3_g,CBC News: The National,2023-12-26T03:17:13Z
pBYchTd2IfE,UC3prwMn9aU2z5Y158ZdGyyA,CRUX,2023-12-26T05:54:01Z
SFhEx4Ot_Hw,UCvi6hEzLM-Z_unKPSuuzKvg,ANC 24/7,2023-12-26T07:51:55Z
jwvMRGClUhU,UCdnZdQxYXnbN4uWJg96oGxw,Rappler,2023-12-26T14:41:20Z
4kl__OthNH0,UC75suCpChvMVC_9ij7rUpxw,Preston Stewart ,2023-12-26T18:03:20Z
cJ_U71x4nx0,UCzuqE7-t13O4NIDYJfakrhw,Democracy Now!,2023-12-26T21:00:13Z
uCWhwElDG9w,UCrOdS-mvp6PNMeCebXdWvjQ,FreeMind,2023-12-27T00:11:30Z
rt9ids7WFYo,UC7hCyOrxFLSSyyonWLVcreg,TRT World Forum,2023-12-27T07:04:16Z
CijWCd1srZQ,UCm7lHFkt2yB_WzL67aruVBQ,Hindustan Times,2023-12-27T14:20:00Z
7D-sic0Gems,UCJg9wBPyKMNA5sRDnvzmkdg,LiveNOW from FOX,2023-12-27T14:47:06Z
JWDv4TW8eO4,UC_gUM8rL-Lrg6O3adPW9K1g,WION,2023-12-27T15:02:38Z
YVkO8gSE4sI,UCaXkIU1QidjPwiAYu6GcHjg,MS NOW,2023-12-27T18:07:00Z
gibnfT5-IvU,UCKjU3KzdbJE1EFcHVqXC3_g,CBC News: The National,2023-12-28T03:00:33Z
OvTrw97OQj8,UCJg9wBPyKMNA5sRDnvzmkdg,LiveNOW from FOX,2023-12-28T14:45:53Z
FISjMkBVz1w,UCuFFtHWoLl5fauMMD5Ww2jA,CBC News,2023-12-28T18:59:47Z
0sTE8pfVAHg,UCspKTy_7wnEesDrQk8dlcUA,FactNews®,2023-12-29T01:23:40Z
hjtOhzZTXio,UCm7lHFkt2yB_WzL67aruVBQ,Hindustan Times,2023-12-29T01:30:14Z
_Qs6bwe-_3I,UCN7B-QD0Qgn2boVH5Q0pOWg,BBC News Hindi,2023-12-29T05:30:09Z
25jCuhdhhC4,UCmqAXNFhUbP57V2dDEFVUVw,Facts Info,2023-12-29T05:31:29Z
XCIaDgQSMic,UCu6O9MhKi6m7pgJcchrkxjA,All Israel News,2023-12-29T08:16:09Z
Tl5GKzK2SAk,UC0EnYUt8dJUYcDgHUFG8vYA,New World Geopolitics,2023-12-29T10:30:44Z
ZWnahSwixg8,UCJg9wBPyKMNA5sRDnvzmkdg,LiveNOW from FOX,2023-12-29T14:00:40Z
0PZqAU6JM7A,UCz8QaiQxApLq8sLNcszYyJw,Firstpost,2023-12-29T15:19:13Z
Y2bu7Z2UyFc,UCm7lHFkt2yB_WzL67aruVBQ,Hindustan Times,2023-12-29T18:02:47Z
DjhQwkq4m-c,UCNye-wNBqNL5ZzHSJj3l8Bg,Al Jazeera English,2023-12-29T23:12:49Z
8h9wVfArFCE,UCBi2mrWuNuyYy4gbM6fU18Q,ABC News,2023-12-30T01:20:26Z
dvB1amyt2sI,UCOutOIcn_oho8pyVN3Ng-Pg,TV9 Bharatvarsh,2023-12-30T13:28:10Z
fnYdehWnvy4,UCEiV4dV52ykSrggSxJcH_wA,Little Bit of Everything,2023-12-30T15:30:14Z
6vbYuA79Ku4,UCabMx-URCjr2toe9wOE3Y-Q,Yaron Brook,2023-12-30T23:56:44Z
k0lFNSS4MKU,UCef1-8eOpJgud7szVPlZQAQ,CNN-News18,2023-12-31T09:13:30Z
_82Z9K667rg,UCvHDpsWKADrDia0c99X37vg,i24NEWS English,2023-12-31T12:47:22Z
bAYi_xFk0ks,UCmxAIW7RDDC88EPk4ry16Kg,Tribunnews,2023-12-31T15:36:49Z
s8iqX0nsg-I,UCmouT0FDMQC8PH8CbQFdHUw,Today Unpacked,2023-12-31T16:00:38Z
h0UslqKmr-0,UCNye-wNBqNL5ZzHSJj3l8Bg,Al Jazeera English,2024-01-01T13:04:51Z
TWe4WD7gRmg,UCknLrEdhRCp1aegoMqRaCZg,DW News,2024-01-01T13:15:02Z
-STVB0os93c,UCEiV4dV52ykSrggSxJcH_wA,Little Bit of Everything,2024-01-01T15:00:00Z
c7Du3pW4j7I,UCm7lHFkt2yB_WzL67aruVBQ,Hindustan Times,2024-01-02T10:10:00Z
ks9rtyNVTZY,UC8p1vwvWtl6T73JiExfWs1g,CBS News,2024-01-02T17:21:15Z
n-UkvlrIkug,UCknLrEdhRCp1aegoMqRaCZg,DW News,2024-01-03T02:00:31Z
R0_MmvNZJ14,UCBk3dfgJzMaaOMWd2EUz94Q,Sunny April,2024-01-03T18:25:29Z
xc2jy7MCNWM,UCP6HGa63sBC7-KHtkme-p-g,USA TODAY,2024-01-03T21:16:22Z
LTb5kJm3j4E,UC73H5p3GP8b5N1f3hozIXyQ,TBN Israel,2024-01-03T22:00:16Z
meJoiFXhdGE,UCMC5QMUMBlr0_GHH3rqVOWQ,Daily short videos,2024-01-04T02:25:41Z
NntXvcwKtiQ,UCNye-wNBqNL5ZzHSJj3l8Bg,Al Jazeera English,2024-01-04T08:06:54Z
TzLmSGWhSPs,UC0Qc-B4LiHup-paPyo24iWg,National Herald,2024-01-04T08:12:24Z
CSuQlcNycOE,UCWXPkK02j6MHW-4xCJzgMuw,Golden State Times,2024-01-04T21:30:02Z
lA1wZhwkPfA,UC3prwMn9aU2z5Y158ZdGyyA,CRUX,2024-01-05T14:00:37Z
uF8v2JVfob4,UCm7lHFkt2yB_WzL67aruVBQ,Hindustan Times,2024-01-05T17:11:07Z
5AMHvVh6GmA,UCLh0PUpSgEN7ZjWr7lVHi1w,Miguel Chi,2024-01-06T10:32:58Z
u97l2GmaSRk,UCm7lHFkt2yB_WzL67aruVBQ,Hindustan Times,2024-01-06T17:51:33Z
aRtnt1gGfGM,UCFQgi22Ht00CpaOQLtvZx2A,ITV News,2024-01-07T19:07:33Z
fCmullj6HV8,UCupvZG-5ko_eiXAupbDfxWw,CNN,2024-01-07T19:26:41Z
JqGzUZCfGHY,UCQfwfsi5VrQ8yKZ-UWmAEFg,FRANCE 24 English,2024-01-08T10:12:07Z
f4coQceMy-E,UCzuqE7-t13O4NIDYJfakrhw,Democracy Now!,2024-01-08T15:37:46Z
v_UfYqUXNTo,UC_gUM8rL-Lrg6O3adPW9K1g,WION,2024-01-08T17:59:24Z
zGSdKZK_jVo,UCNye-wNBqNL5ZzHSJj3l8Bg,Al Jazeera English,2024-01-08T20:07:27Z
bGZ4Yy-iS9g,UCNye-wNBqNL5ZzHSJj3l8Bg,Al Jazeera English,2024-01-08T20:26:14Z
1DQEZMTqMGE,UCP6HGa63sBC7-KHtkme-p-g,USA TODAY,2024-01-08T21:00:29Z
cLRHauZ1uIc,UC2-LLQXBwo13TAt3p3xJkvg,DIRECT NEWS TV,2024-01-08T22:13:25Z
3cvKVGMlhwY,UCeWaxXo_ZLdBDfDAbwqWtdQ,paint with asma,2024-01-09T07:02:09Z
QJDUa2hnJkw,UCIZJ9a6P_nxCFJTmL0gh_IQ,Al Arabiya English,2024-01-09T07:42:13Z
S4sLsPwp1lc,UCQ3sprrGnTHL6std2197XHw,History Revealed,2024-01-09T19:00:31Z
pI_b5Mn5Yyc,UCrvhNP_lWuPIP6QZzJmM-bw,New York Post,2024-01-09T20:41:45Z
I9LeG6BCfBo,UCwHYp-o1OlEVnMRoXLoaaOA,Meaningful People,2024-01-09T23:01:58Z
stGkVVpUvvo,UCz8QaiQxApLq8sLNcszYyJw,Firstpost,2024-01-09T23:32:47Z
pNADwelTXtk,UCMH5lA-E0xuaaozB1lRWIQg,Kidoonic,2024-01-10T02:36:13Z
Kufrgqnnm50,UCfv35fnCnT_h2HEaTFnn4Ng,CGTN Global Watch,2024-01-10T04:08:33Z
0jo96Wjp7Mg,UCzW1oJMWo5BpHys5QGbpJrA,Al Mayadeen English,2024-01-10T13:30:59Z
1NXio1QcoQE,UCwcH94eG9YYAn1G2nfw3j-w,KADAK,2024-01-10T14:45:00Z
XCxTRQLz5KI,UCwHYp-o1OlEVnMRoXLoaaOA,Meaningful People,2024-01-10T16:00:29Z
fQeVU6jKvWc,UCz4AXmFeSbi-0vPXI102Q5w,Muslim Central,2024-01-10T17:00:26Z
cjiHt0DXRSg,UCNye-wNBqNL5ZzHSJj3l8Bg,Al Jazeera English,2024-01-11T14:49:44Z
hXTwiLnS5DE,UCawNWlihdgaycQpO3zi-jYg,Israel Defense Forces,2024-01-11T16:06:36Z
1iU_LqVoZfU,UC7fWeaHhqgM4Ry-RMpM2YYw,TRT World,2024-01-12T14:39:15Z
60RdMUSKs7o,UCJX8Wn6opMsBng3QWh0dK6g,Middle East Monitor,2024-01-12T16:43:05Z
mstFkMsuIdk,UCz0M8zLRyU2kLd8rTjUkc_w,Battles and Beers: War Stories ,2024-01-12T22:35:03Z
6Ig9AcgtjiY,UCtVHkxq84dXu-m8Pp-Ih03w,The Chatters Channel,2024-01-13T10:12:00Z
bsu4rNuHA3Y,UCIHdDJ0tjn_3j-FS7s_X1kQ,Valuetainment,2024-01-13T22:15:00Z
ZH2khwC2Eyk,UCAeWdyKJXGWmVAXFpgLNNTg,CBS Evening News,2024-01-14T01:55:02Z
1klyLPv6Krw,UCKWs3ipgOYttoE_9CL86_Gg,Western imperialism is such a drag,2024-01-14T08:36:42Z
CIhtfdcdGTQ,UCIZJ9a6P_nxCFJTmL0gh_IQ,Al Arabiya English,2024-01-15T13:15:16Z
6KowsL45v-E,UCTrQ7HXWRRxr7OsOtodr2_w,Channel 4 News,2024-01-15T16:50:24Z
1t-81xghxCU,UC16niRr50-MSBwiO3YDb3RA,BBC News,2024-01-15T20:08:07Z
PzN7Dsqao8Y,UCR0fZh5SBxxMNYdg0VzRFkg,Middle East Eye,2024-01-16T00:59:32Z
L7wUv07fwXU,UChLtXXpo4Ge1ReTEboVvTDg,Global News,2024-01-16T03:00:16Z
r5u49gQT28s,UCRJ01zZEOi89p9ABNxBmfuA,Russian Ball ,2024-01-16T05:06:41Z
0BRbPslp7JA,UChB4RpQVpisqdnYtHJcFT_Q,Huma's Shahi Kitchen,2024-01-16T07:19:57Z
BrnGVdpok_o,UCm7lHFkt2yB_WzL67aruVBQ,Hindustan Times,2024-01-16T09:10:06Z
7fyJNRv9xg0,UCIZJ9a6P_nxCFJTmL0gh_IQ,Al Arabiya English,2024-01-16T12:56:02Z
vpMoq3JL3sg,UCm7lHFkt2yB_WzL67aruVBQ,Hindustan Times,2024-01-16T13:30:25Z
oQMqNGwOmHY,UCm7lHFkt2yB_WzL67aruVBQ,Hindustan Times,2024-01-16T18:45:15Z
K3xJqYouGW4,UC8p1vwvWtl6T73JiExfWs1g,CBS News,2024-01-16T20:20:34Z
ozBgCxtU-2M,UCO0akufu9MOzyz3nvGIXAAw,Sky News Australia,2024-01-16T23:09:49Z
6W0P2w58m_8,UCD_DaKNac0Ta-2PeHuoQ1uA,Senator Bernie Sanders,2024-01-17T00:15:22Z
z7xg3CPtdVI,UCNye-wNBqNL5ZzHSJj3l8Bg,Al Jazeera English,2024-01-17T10:15:14Z
L29oNKIATOg,UC2a35q7eyzkfoIusBzdH4Hw,Newsweek,2024-01-17T11:30:13Z
d_Pm8HUzzSc,UCwcH94eG9YYAn1G2nfw3j-w,KADAK,2024-01-17T12:46:38Z
2PeYDphtHYo,UCmGSJVG3mCRXVOP4yZrU1Dw,Johnny Harris,2024-01-17T13:00:02Z
HKIVrUmEMzI,UCxmCL2wel91gqZa9oQqWNqQ,OneGreatEarth,2024-01-17T14:35:13Z
Mg9_8LXoK10,UCbYAgb5fstoaGg9BNu_NwVw,TrendPortal ,2024-01-17T16:00:12Z
XzYQ3BLgk04,UCR0fZh5SBxxMNYdg0VzRFkg,Middle East Eye,2024-01-18T14:26:55Z
tzqwI1PTZ4Y,UCm7lHFkt2yB_WzL67aruVBQ,Hindustan Times,2024-01-18T15:30:23Z
uIAJFvBKjKk,UCTrQ7HXWRRxr7OsOtodr2_w,Channel 4 News,2024-01-18T16:19:32Z
4XqJ02IftQY,UC1w6pNGiiLdZgyNpXUnA4Zw,DER SPIEGEL,2024-01-18T16:45:00Z
yH1LpzehZgY,UCTE7Owq8v-i_Nzz3-i5773w,ActionAid USA,2024-01-18T20:00:05Z
xOTQVwqOOLU,UCJg9wBPyKMNA5sRDnvzmkdg,LiveNOW from FOX,2024-01-18T21:32:03Z
1ulr4uaPpLw,UCNye-wNBqNL5ZzHSJj3l8Bg,Al Jazeera English,2024-01-19T04:33:30Z
TBRjJcjJIVc,UCNye-wNBqNL5ZzHSJj3l8Bg,Al Jazeera English,2024-01-19T10:53:29Z
vOzP7v7KgHU,UCM3ivYMFbOgLqNhwTh0emQg,Group Discussion Ideas,2024-01-19T12:41:36Z
7wYwkQG8iDI,UC6ZFN9Tx6xh-skXCuRHCDpQ,PBS NewsHour,2024-01-19T22:00:09Z
GhCzD5sUHME,UCm7lHFkt2yB_WzL67aruVBQ,Hindustan Times,2024-01-20T01:30:06Z
jPORCMTMs2I,UCIu679sa2q5Lw9CB95_-hdw,Hananya Naftali,2024-01-20T13:35:18Z
dyTwPkhxg28,UCcfeFTdxSl1-hPOJsYRYdJg,CGTN UN,2024-01-20T20:11:03Z
5flq2vVo2jE,UCtgSVsATOoyfj5xpb-Gm0hA,AIJAC,2024-01-21T00:03:07Z
ipWQGMA3_hI,UCuNTNj4oeNhdwA-nJYp-OIw,Borderless Asia,2024-01-21T08:30:08Z
Cm0EpK6pl7U,UCp7b46NuHBXICgz1cd4p88g,Math Rush,2024-01-21T08:56:14Z
Ec3LCUb4tEs,UCNye-wNBqNL5ZzHSJj3l8Bg,Al Jazeera English,2024-01-21T14:00:06Z
fBvasyOhei4,UCNye-wNBqNL5ZzHSJj3l8Bg,Al Jazeera English,2024-01-21T16:30:58Z
wHKL7F3MNsI,UCaU0aU5a_VgLM9tVFUpSmHA,my_.diaries,2024-01-21T19:03:04Z
7VhzNchgr-0,UC6RJ7-PaXg6TIH2BzZfTV7w,Times Now,2024-01-22T08:05:49Z
jo9Ggs9LvHg,UCNbGe7VN3S8pEBcM8WCRXeg,Art_with Mary ,2024-01-22T14:24:05Z
zT8c3ZWdvnA,UCm7lHFkt2yB_WzL67aruVBQ,Hindustan Times,2024-01-22T14:34:05Z
xcajMQPfcf8,UC1_E8NeF5QHY2dtdLRBCCLA,africanews,2024-01-22T18:00:23Z
Y2g3NN5E9Qg,UC-crZTQNRzZgzyighTKF0nQ,News18 Punjab,2024-01-23T09:12:33Z
eH4SGLzS_Ms,UC_Lnb8ZHqqgLbp-7hltuT9w,CNA Insider,2024-01-23T12:00:36Z
uJEn7Rok49w,UCBi2mrWuNuyYy4gbM6fU18Q,ABC News,2024-01-23T15:44:14Z
Re2yUHrl_ak,UCwcH94eG9YYAn1G2nfw3j-w,KADAK,2024-01-23T15:57:44Z
wJND6YMNGi4,UCW39zufHfsuGgpLviKh297Q,DW Documentary,2024-01-23T17:00:47Z
I28Pzy8YtfE,UCeQPRxkGI6fbozcUdkHrvKg,Islamic Oasis,2024-01-23T18:07:43Z
8eU3DjMRYQI,UCaU0aU5a_VgLM9tVFUpSmHA,my_.diaries,2024-01-23T19:21:17Z
yENblumil6k,UCvoiXGD8UhXXKzbI-tYo_Ig,We Are Iowa Local 5 News,2024-01-23T23:13:42Z
AHc-ldM9fzM,UC3ScyryU9Oy9Wse3a8OAmYQ,FRONTLINE PBS | Official,2024-01-24T03:00:05Z
zUSVoMWaKdg,UCm7lHFkt2yB_WzL67aruVBQ,Hindustan Times,2024-01-24T06:15:21Z
rsvfVZS0E8c,UCR0fZh5SBxxMNYdg0VzRFkg,Middle East Eye,2024-01-24T14:30:20Z
WKVmNYXRmNI,UCNye-wNBqNL5ZzHSJj3l8Bg,Al Jazeera English,2024-01-24T15:21:12Z
c7hqKI96KOE,UC2a35q7eyzkfoIusBzdH4Hw,Newsweek,2024-01-24T15:30:06Z
XLrnq7SPz7k,UCoMdktPbSTixAyNGwb-UYkQ,Sky News,2024-01-24T16:57:40Z
8GbHCfMprx8,UCeAl6SjlzRcMO1z6dbDNYaQ,Rabbi Heschel Greenberg,2024-01-25T02:18:48Z
89ZVA9NUOCs,UCCjG8NtOig0USdrT5D1FpxQ,NewsNation,2024-01-25T02:39:22Z
PQ7Ap3-ZNAM,UCYV9UhlTIojJGzAaInoKkxQ,Activism Uncensored,2024-01-25T09:00:27Z
fOipv5W9vBo,UC7fWeaHhqgM4Ry-RMpM2YYw,TRT World,2024-01-25T11:58:05Z
j0P5iOI5Og4,UC2a35q7eyzkfoIusBzdH4Hw,Newsweek,2024-01-25T12:19:44Z
sbpoA6OTTks,UCvHDpsWKADrDia0c99X37vg,i24NEWS English,2024-01-25T15:00:52Z
GnjPVNbf8so,UCK7tptUDHh-RYDsdxO1-5QQ,The Wall Street Journal,2024-01-25T15:46:30Z
GQ5nKH9Po2k,UCv325WBd65KarK6j75c3sZA,WiseWhispererStories,2024-01-25T19:18:59Z
nZU238IdtqY,UCv325WBd65KarK6j75c3sZA,WiseWhispererStories,2024-01-25T19:20:29Z
9DssQCDg9bA,UCyHhcIllW01OJaqkCsAqC3A,Doha News Official,2024-01-25T20:40:16Z
P_5smdXvUGg,UC7fWeaHhqgM4Ry-RMpM2YYw,TRT World,2024-01-25T20:46:16Z
Y80mpvGZ9w4,UCHfF8wFnipMeDpJf8OmMxDg,FOX 11 Los Angeles,2024-01-26T01:47:40Z
vyTV_RnW8_8,UCCjG8NtOig0USdrT5D1FpxQ,NewsNation,2024-01-26T02:48:16Z
jnWn-sAmasY,UCshwRhftzkiov5wKR7M_LsQ,The Independent,2024-01-26T11:43:50Z
QUCDuoS-wgA,UCshwRhftzkiov5wKR7M_LsQ,The Independent,2024-01-26T11:47:46Z
pGNiK2l2Fuo,UC2a35q7eyzkfoIusBzdH4Hw,Newsweek,2024-01-26T13:02:54Z
Sk5IEk8JrPE,UCH9q4fVRfUuL9157pRRR1AQ,J.R. Dukes,2024-01-26T17:11:57Z
z4eoWaiJqYg,UCTrQ7HXWRRxr7OsOtodr2_w,Channel 4 News,2024-01-26T18:13:49Z
ll1ZYomqtXU,UCKCiR7mhJPj-WrLTwqxp98Q,The Point of Truth,2024-01-26T19:19:24Z
GJFiCMGVhNs,UC1yBKRuGpC1tSM73A0ZjYjQ,The Young Turks,2024-01-26T23:49:21Z
L91kG_bYsn0,UC-3jIAlnQmbbVMV6gR7K8aQ,The Majority Report w/ Sam Seder,2024-01-27T01:00:18Z
gdKRatwKaDk,UC1yBKRuGpC1tSM73A0ZjYjQ,The Young Turks,2024-01-27T05:00:16Z
25XR6629iPM,UCR0fZh5SBxxMNYdg0VzRFkg,Middle East Eye,2024-01-27T06:58:46Z
imeXIcmkN4U,UCef1-8eOpJgud7szVPlZQAQ,CNN-News18,2024-01-27T07:27:55Z
T3Art31gewY,UCO0akufu9MOzyz3nvGIXAAw,Sky News Australia,2024-01-27T09:32:47Z
bHQH4_Cj1Js,UCz8QaiQxApLq8sLNcszYyJw,Firstpost,2024-01-27T11:24:40Z
LC2zkUWoRbQ,UCckHqySbfy5FcPP6MD_S-Yg,Times Of India,2024-01-27T18:15:11Z
SQsH2cQx7uk,UCO0akufu9MOzyz3nvGIXAAw,Sky News Australia,2024-01-28T01:53:20Z
qqbYF9iezBA,UCb6Ar7VsAf7UHdQjH5XgbBg,The Vanguard Media,2024-01-28T16:13:39Z
g7IkQ1LNHCE,UCupvZG-5ko_eiXAupbDfxWw,CNN,2024-01-28T16:38:13Z
RY8H4NY8Xww,UCvHDpsWKADrDia0c99X37vg,i24NEWS English,2024-01-28T17:00:41Z
PSkclUjPy_o,UC_gUM8rL-Lrg6O3adPW9K1g,WION,2024-01-29T04:03:28Z
cVsIL5IiLNM,UCR0fZh5SBxxMNYdg0VzRFkg,Middle East Eye,2024-01-29T08:55:32Z
64lCxAaDbLA,UC83jt4dlz1Gjl58fzQrrKZg,CNA,2024-01-29T12:00:08Z
R9vWKcIMO0o,UC83jt4dlz1Gjl58fzQrrKZg,CNA,2024-01-29T12:00:31Z
i-G1ZNSjx80,UC83jt4dlz1Gjl58fzQrrKZg,CNA,2024-01-29T12:00:42Z
pFBnaaouDM0,UCu6O9MhKi6m7pgJcchrkxjA,All Israel News,2024-01-29T13:00:44Z
_4iEytGRM48,UC_gUM8rL-Lrg6O3adPW9K1g,WION,2024-01-29T14:43:03Z
2TzOfhKc-MU,UC8p1vwvWtl6T73JiExfWs1g,CBS News,2024-01-29T15:56:35Z
tzjGJnId-n4,UCg40OxZ1GYh3u3jBntB6DLg,Forbes Breaking News,2024-01-29T20:37:10Z
foy8VP0XtIk,UCNAxrHudMfdzNi6NxruKPLw,Sam Harris,2024-01-30T00:39:43Z
aBac5xSrpy8,UCN7B-QD0Qgn2boVH5Q0pOWg,BBC News Hindi,2024-01-30T03:07:29Z
FpbLC0e-e5A,UCN7B-QD0Qgn2boVH5Q0pOWg,BBC News Hindi,2024-01-30T10:40:31Z
saQmCDyH2qE,UCN7B-QD0Qgn2boVH5Q0pOWg,BBC News Hindi,2024-01-30T11:09:51Z
zh61Vv3CuCU,UCJg9wBPyKMNA5sRDnvzmkdg,LiveNOW from FOX,2024-01-30T14:36:21Z
EOD4-9t0Mb8,UCJg9wBPyKMNA5sRDnvzmkdg,LiveNOW from FOX,2024-01-30T18:17:33Z
8A-RbJ8bjr4,UCOioNqhrXH-EKhJSBc-f2SA,Ray of Hope Christian Church,2024-01-30T21:47:24Z
KcRnWTEngyU,UCjHWv2DU5-HLpogAAr386DQ,FOX 5 Atlanta,2024-01-31T01:20:26Z
Ty3gIqvI9Ws,UCBi2mrWuNuyYy4gbM6fU18Q,ABC News,2024-01-31T02:15:02Z
Yd0PQflgJxQ,UCef1-8eOpJgud7szVPlZQAQ,CNN-News18,2024-01-31T11:14:30Z
ZVan9I1AeGM,UC4SUWizzKc1tptprBkWjX2Q,South China Morning Post,2024-01-31T12:00:18Z
1MWbfxC0ovA,UCnMk-6Brd8rVEKWSWkwsWUg,DiEM25,2024-01-31T12:25:32Z
IbV4g0v-59Q,UCz8QaiQxApLq8sLNcszYyJw,Firstpost,2024-01-31T14:04:11Z
6mYOe6I3LRQ,UCm7lHFkt2yB_WzL67aruVBQ,Hindustan Times,2024-01-31T15:30:42Z
E-FIfYaA1_0,UCjOS6yTpinxnHWx4MBn71OA,poview,2024-01-31T18:15:00Z
D-hpUEyMYV8,UCHTK-2W11Vh1V4uwofOfR4w,AP Archive,2024-01-31T18:39:37Z
cP_oTVyrdxE,UCoMdktPbSTixAyNGwb-UYkQ,Sky News,2024-01-31T21:36:00Z
il90Z892xmQ,UCNye-wNBqNL5ZzHSJj3l8Bg,Al Jazeera English,2024-02-01T02:24:26Z
wiN0eaI1CY4,UCvi6hEzLM-Z_unKPSuuzKvg,ANC 24/7,2024-02-01T04:12:32Z
j6y6gniwII8,UC1gxxeC0elWutUUmPEr74NA,J-TV: The Global Jewish Channel,2024-02-01T12:38:20Z
OyuYugVnCNI,UCN7B-QD0Qgn2boVH5Q0pOWg,BBC News Hindi,2024-02-01T12:49:09Z
EeJgjpMIPrE,UC1_E8NeF5QHY2dtdLRBCCLA,africanews,2024-02-01T14:00:01Z
uqsKwidlbNE,UCNye-wNBqNL5ZzHSJj3l8Bg,Al Jazeera English,2024-02-01T17:19:09Z
khKXnMo-sIk,UCN7B-QD0Qgn2boVH5Q0pOWg,BBC News Hindi,2024-02-01T17:25:39Z
5WB_I7CJe7k,UCIE11n6s0VB1kB_WNo6Za1w,Oor Sutrum Valiban,2024-02-01T19:15:00Z
5Ot1wQYKlL8,UCV3Nm3T-XAgVhKH9jT0ViRg,AJ+,2024-02-02T05:00:03Z
hvnYoyO1AYo,UC7fWeaHhqgM4Ry-RMpM2YYw,TRT World,2024-02-02T06:46:05Z
yEKGTdpVtI4,UCN7B-QD0Qgn2boVH5Q0pOWg,BBC News Hindi,2024-02-02T09:07:33Z
LYogd0Uw04Q,UCm7lHFkt2yB_WzL67aruVBQ,Hindustan Times,2024-02-02T14:00:24Z
53BIl1kLILE,UCtTSYCBRRUStmL2oQLaqbDQ,The New Arab,2024-02-02T16:14:50Z
l9ZY2vN7Uvc,UC6ZFN9Tx6xh-skXCuRHCDpQ,PBS NewsHour,2024-02-02T22:00:08Z
br7gY-tDztc,UCm5J1Fu_dHgBcMTpXu-NXUw,Pangburn,2024-02-02T23:27:21Z
ewuNwAlty-s,UC3prwMn9aU2z5Y158ZdGyyA,CRUX,2024-02-03T02:24:12Z
Faf7L2Ztbgw,UCKtjZkMLiS1B8QgFXmQkgqQ,SCHOOL-IBD,2024-02-03T07:36:30Z
DrJzBnzeav4,UCrmm_7RDZJeQzq2-wvmjueg,The Real News Network,2024-02-03T14:00:13Z
p2F4x6I-7e0,UCm7lHFkt2yB_WzL67aruVBQ,Hindustan Times,2024-02-04T15:01:23Z
NIM1MtBcm6I,UCm7lHFkt2yB_WzL67aruVBQ,Hindustan Times,2024-02-05T01:30:15Z
5XR-luV2P08,UCrC8mOqJQpoB7NuIMKIS6rQ,StudyIQ IAS,2024-02-05T07:34:15Z
gsUJZ7kTZ2w,UCef1-8eOpJgud7szVPlZQAQ,CNN-News18,2024-02-05T07:58:58Z
D4jCDogD9_4,UCef1-8eOpJgud7szVPlZQAQ,CNN-News18,2024-02-05T10:21:00Z
KBNx4nPKVNo,UCef1-8eOpJgud7szVPlZQAQ,CNN-News18,2024-02-05T11:55:17Z
DVJwitUtEuU,UC49HGm2XU_KFINcAoLu1OjA,MoFreedomFoundation,2024-02-05T14:14:52Z
zc-dDAzOvbE,UC0riHx-IuWYGr1A-K-3rmew,MAG (Mines Advisory Group),2024-02-05T14:36:44Z
zY8Bbd0cn30,UCHtYUfPnQci6GoUpPlWfrOg,Shekinah News,2024-02-05T14:56:52Z
qS1LBh4edtY,UC_gUM8rL-Lrg6O3adPW9K1g,WION,2024-02-05T17:53:55Z
ZObsgQZFf4g,UC-8_qAhNVG8G1wxONMnYr3Q,GZERO Media,2024-02-05T22:48:50Z
cZw_iF4gPt0,UCckHqySbfy5FcPP6MD_S-Yg,Times Of India,2024-02-06T12:39:04Z
6qRX_EETk1c,UCIZJ9a6P_nxCFJTmL0gh_IQ,Al Arabiya English,2024-02-06T14:45:22Z
tR3_hmMzMro,UCFQgi22Ht00CpaOQLtvZx2A,ITV News,2024-02-06T16:56:15Z
z6thhW2PCxU,UCZaT_X_mc0BI-djXOlfhqWQ,VICE News,2024-02-06T20:34:06Z
qm_wWYuzx9Q,UCR0fZh5SBxxMNYdg0VzRFkg,Middle East Eye,2024-02-07T00:40:35Z
An72TV2brvs,UCg40OxZ1GYh3u3jBntB6DLg,Forbes Breaking News,2024-02-07T02:30:05Z
L4ayX08iFME,UCN7B-QD0Qgn2boVH5Q0pOWg,BBC News Hindi,2024-02-07T08:44:25Z
X2WQLzXpSWo,UC86dbj-lbDks_hZ5gRKL49Q,AFP News Agency,2024-02-07T12:39:01Z
4dU9mWWSo44,UCg_nzN_60_LfeAXhlKa8wvA,Everyday Worldview,2024-02-07T14:00:06Z
ao4hVtWM8Ms,UC2NG-a5tpOZxZv-IuzbT8jA,newsin30secs,2024-02-07T17:30:01Z
UcLUCdkmROE,UCNye-wNBqNL5ZzHSJj3l8Bg,Al Jazeera English,2024-02-07T19:14:16Z
olTyQLqlxfI,UC6RJ7-PaXg6TIH2BzZfTV7w,Times Now,2024-02-08T05:03:14Z
vhCvBGrU5G0,UCQfwfsi5VrQ8yKZ-UWmAEFg,FRANCE 24 English,2024-02-08T09:36:10Z
QjUCdiD_H9I,UCckHqySbfy5FcPP6MD_S-Yg,Times Of India,2024-02-08T13:45:11Z
pS7SGFnAmRk,UCR0fZh5SBxxMNYdg0VzRFkg,Middle East Eye,2024-02-08T17:30:06Z
CdVOsWfevSU,UCR0fZh5SBxxMNYdg0VzRFkg,Middle East Eye,2024-02-08T22:45:44Z
h2oDWK9bvpA,UCKt7TllYnUsCkocpzeX7Tfw,StratNewsGlobal,2024-02-09T07:09:22Z
vFe6P0rNuK0,UCIRYBXDze5krPDzAEOxFGVA,Guardian News,2024-02-09T07:42:01Z
qOS-vSk7-MY,UCm7lHFkt2yB_WzL67aruVBQ,Hindustan Times,2024-02-09T10:50:00Z
6joZsnZyi0k,UCtTSYCBRRUStmL2oQLaqbDQ,The New Arab,2024-02-09T11:39:53Z
KP79wTtBhLg,UCQfwfsi5VrQ8yKZ-UWmAEFg,FRANCE 24 English,2024-02-09T14:27:38Z
PXgZ5p-dhZ4,UCaADzQEp9eYu9PTmJ28_-HQ,Let the Quran Speak,2024-02-09T14:49:55Z
D2AEPUUCTV4,UCNye-wNBqNL5ZzHSJj3l8Bg,Al Jazeera English,2024-02-09T14:54:50Z
IsXjlXbgWi0,UCgG6NmdsJ47Eh_BhUdbkwLQ,World News,2024-02-09T16:23:08Z
-qFjvvK5eOE,UCR0fZh5SBxxMNYdg0VzRFkg,Middle East Eye,2024-02-10T01:10:47Z
cXkOFn4bdUg,UCR0fZh5SBxxMNYdg0VzRFkg,Middle East Eye,2024-02-10T02:49:54Z
873Useyzmvo,UCN7B-QD0Qgn2boVH5Q0pOWg,BBC News Hindi,2024-02-10T08:18:20Z
vL0sj4pUoMg,UCR0fZh5SBxxMNYdg0VzRFkg,Middle East Eye,2024-02-10T08:22:34Z
LqW8ohmbBkY,UCw8Fc5R0Q5yyS3KrDCPM3xg,Times Now World,2024-02-10T08:30:08Z
2D4eDrkMO-A,UCJg9wBPyKMNA5sRDnvzmkdg,LiveNOW from FOX,2024-02-10T13:58:10Z
nzynRyUV6kE,UCofuIih4XZk11jvY0qUEvRg,DaJobnik,2024-02-11T09:56:49Z
okF1eYsxQtE,UChqUTb7kYRX8-EiaN3XFrSQ,Reuters,2024-02-11T13:04:59Z
5qdcJY_JzoM,UCcPcua2PF7hzik2TeOBx3uw,faz,2024-02-11T13:27:11Z
iXhkCSX9RgQ,UC3prwMn9aU2z5Y158ZdGyyA,CRUX,2024-02-11T16:00:32Z
W7hXKQJYIi8,UC2x_qNZXKDxNP1j4jvHATRQ,Face the Nation,2024-02-11T16:59:57Z
Klft8FK-bsI,UC7fWeaHhqgM4Ry-RMpM2YYw,TRT World,2024-02-11T18:46:41Z
BwuOAbB2Bk0,UC9EQNdijNvkCngugtqr0HGw,news dailyy,2024-02-12T08:57:56Z
9-bvdVIbcjo,UC8CHbwgU5FtHtzXm2CB2tqw,Natalie Bennett,2024-02-12T11:08:39Z
X3Yh7MDg7dQ,UCJg9wBPyKMNA5sRDnvzmkdg,LiveNOW from FOX,2024-02-12T14:23:10Z
4pUDGxRAvZE,UCz8QaiQxApLq8sLNcszYyJw,Firstpost,2024-02-12T17:30:00Z
OebUv9puhYQ,UChirEOpgFCupRAk5etXqPaA,Bloomberg News,2024-02-12T21:30:02Z
DCkYue4GPtQ,UCZMsvbAhhRblVGXmEXW8TSA,WELT Nachrichtensender,2024-02-13T07:00:07Z
Q78TNByDsoc,UCoMdktPbSTixAyNGwb-UYkQ,Sky News,2024-02-13T08:57:01Z
aZUshbIWkis,UC16niRr50-MSBwiO3YDb3RA,BBC News,2024-02-13T09:55:44Z
okjKYNg2oa8,UCm7lHFkt2yB_WzL67aruVBQ,Hindustan Times,2024-02-13T10:34:27Z
gLLl5rYtEWE,UCm7lHFkt2yB_WzL67aruVBQ,Hindustan Times,2024-02-13T11:11:08Z
R_IJCm23qRw,UCm7lHFkt2yB_WzL67aruVBQ,Hindustan Times,2024-02-13T11:30:17Z
eKH6ehAEOjE,UC46ccgpPJK-3wLzzQrLGtSg,DW Documentary हिन्दी,2024-02-13T13:19:33Z
xn4HNDyy5F4,UCNye-wNBqNL5ZzHSJj3l8Bg,Al Jazeera English,2024-02-13T15:00:59Z
KaLgT0VAA1A,UCCjG8NtOig0USdrT5D1FpxQ,NewsNation,2024-02-13T20:17:13Z
iJneUJUilBI,UCfxw-lzoiE0lKzj5cDbHfbA,DAYSOFCHAOSDAYSOFSORROW3,2024-02-13T20:32:01Z
AItiPu_wWsA,UCg40OxZ1GYh3u3jBntB6DLg,Forbes Breaking News,2024-02-13T20:42:56Z
l0Zw5hD3EJw,UCJX8Wn6opMsBng3QWh0dK6g,Middle East Monitor,2024-02-13T21:08:41Z
FwQs69_NY20,UCJg9wBPyKMNA5sRDnvzmkdg,LiveNOW from FOX,2024-02-14T05:15:53Z
2et0bkv3T4g,UCzF4Ryn8TKn64md77gS5Q5Q,11Alive,2024-02-14T13:14:54Z
PW8P8tXQJeI,UC7hCyOrxFLSSyyonWLVcreg,TRT World Forum,2024-02-14T13:25:16Z
fl9hJvHTPGo,UCvHDpsWKADrDia0c99X37vg,i24NEWS English,2024-02-14T14:30:38Z
tu_o7Hwechc,UCqR-erRpPKB5t3iRTdrpbtw,UChicago Greenberg Center for Jewish Studies,2024-02-14T17:25:48Z
4qnwdTr7LM0,UCJg9wBPyKMNA5sRDnvzmkdg,LiveNOW from FOX,2024-02-14T17:38:46Z
PyL8UTArbzA,UCuxgEyMeaks7HS5gAw6Tt7w,ILTV Israel News,2024-02-14T18:15:01Z
-ou6ZqQgLt8,UC8p1vwvWtl6T73JiExfWs1g,CBS News,2024-02-14T20:18:59Z
SAksyGDDvfM,UCoMdktPbSTixAyNGwb-UYkQ,Sky News,2024-02-14T20:24:30Z
5fMZodDp-0Q,UCv325WBd65KarK6j75c3sZA,WiseWhispererStories,2024-02-14T23:00:07Z
7Wnaq4ljAbw,UCv325WBd65KarK6j75c3sZA,WiseWhispererStories,2024-02-15T02:30:07Z
2fyF0zXeK5s,UC64A-bbH15b5kN5A32CErOA,10 News,2024-02-15T04:08:48Z
X-e5iBZw6wQ,UCmouT0FDMQC8PH8CbQFdHUw,Today Unpacked,2024-02-15T13:30:13Z
coyzcza1VG0,UCuFFtHWoLl5fauMMD5Ww2jA,CBC News,2024-02-15T13:39:49Z
gogl9gW6bpA,UCR0fZh5SBxxMNYdg0VzRFkg,Middle East Eye,2024-02-16T04:00:30Z
PphPZ9x3qxU,UCHtYUfPnQci6GoUpPlWfrOg,Shekinah News,2024-02-16T06:17:22Z
1i76pbIAOIo,UCm7lHFkt2yB_WzL67aruVBQ,Hindustan Times,2024-02-16T07:57:39Z
u9TaQynuYPU,UC_gUM8rL-Lrg6O3adPW9K1g,WION,2024-02-16T13:00:10Z
R1zcLD4ojS8,UCV3Nm3T-XAgVhKH9jT0ViRg,AJ+,2024-02-16T23:01:14Z
zTEO58qJxuI,UCVuKWQCfgN6fppni5xoAczQ,Revolution In The Streets,2024-02-16T23:51:09Z
wyslq6szxNI,UCeY0bbntWzzVIaj2z3QigXg,NBC News,2024-02-17T02:00:31Z
2dX8X9v8S3A,UCNye-wNBqNL5ZzHSJj3l8Bg,Al Jazeera English,2024-02-17T04:00:01Z
gUfx3ujQzuI,UCm7lHFkt2yB_WzL67aruVBQ,Hindustan Times,2024-02-17T15:50:00Z
3xsB6gcU9Fc,UCTrQ7HXWRRxr7OsOtodr2_w,Channel 4 News,2024-02-18T19:12:01Z
nm_47emYdts,UCJg9wBPyKMNA5sRDnvzmkdg,LiveNOW from FOX,2024-02-18T20:56:29Z
DJPNkvLvnl0,UCknLrEdhRCp1aegoMqRaCZg,DW News,2024-02-18T22:43:47Z
fLb33lKl7wc,UCAeWdyKJXGWmVAXFpgLNNTg,CBS Evening News,2024-02-19T00:07:45Z
WnU3iOCJW6U,UCuGQ0-iW7CPj-ul-DKHmh2A,Antiwar News With Dave DeCamp,2024-02-19T05:00:28Z
FpUYkDQkfY8,UCTrQ7HXWRRxr7OsOtodr2_w,Channel 4 News,2024-02-19T11:05:48Z
4TBaOVsltFc,UCWVqdPTigfQ-cSNwG7O9MeA,EKHON TV,2024-02-19T11:30:03Z
JWZ4Y_DdsK4,UCknLrEdhRCp1aegoMqRaCZg,DW News,2024-02-19T12:00:16Z
ijtToXczCyY,UC-uskceeAdaQaS28PBv8RGw,Nupur J Sharma,2024-02-19T12:50:53Z
gv5cdm34B-s,UCvy9bjqfawiaE_CklFSdnzg,abcqanda,2024-02-19T14:22:42Z
DY-ZyBsa33c,UCoMdktPbSTixAyNGwb-UYkQ,Sky News,2024-02-19T16:48:26Z
MEffG8NzLn0,UCvPm-OhjEtMRB1Oiq04t3hQ,Adar Weinreb,2024-02-19T22:00:09Z
FyMvGJXruuY,UC5O2zt0hjevfcdDJNjPfkKw,Study Pyrexia ,2024-02-20T02:11:54Z
uIvAC8MtV_Y,UCQpPChn5Hm2iQYKDs_Myjmw,Los Angeles Loyolan,2024-02-20T05:27:20Z
8RHQWgQqChQ,UC_gUM8rL-Lrg6O3adPW9K1g,WION,2024-02-20T07:23:21Z
FtzzSERz3Gs,UCMH5lA-E0xuaaozB1lRWIQg,Kidoonic,2024-02-20T08:50:45Z
_S8oANSxuCE,UCvHDpsWKADrDia0c99X37vg,i24NEWS English,2024-02-20T09:00:50Z
yIF7Y69GXgA,UCNye-wNBqNL5ZzHSJj3l8Bg,Al Jazeera English,2024-02-20T12:41:17Z
M8d7DiUMVHc,UCPgLNge0xqQHWM5B5EFH9Cg,The Telegraph,2024-02-20T12:54:07Z
P4IPoh4md80,UCggJmYhtxBk1naIbZN541pw,Islam Channel,2024-02-20T13:50:50Z
dx_qCu7jF9U,UCatt7TBjfBkiJWx8khav_Gg,Piers Morgan Uncensored,2024-02-20T17:17:02Z
yy3ATmzyeIY,UC7fWeaHhqgM4Ry-RMpM2YYw,TRT World,2024-02-20T17:37:20Z
qAEbFAfBwFQ,UC16niRr50-MSBwiO3YDb3RA,BBC News,2024-02-20T18:24:04Z
lYY0eRRXn24,UCNye-wNBqNL5ZzHSJj3l8Bg,Al Jazeera English,2024-02-20T18:48:50Z
j9GA5tJ_3ig,UChLtXXpo4Ge1ReTEboVvTDg,Global News,2024-02-20T18:53:31Z
0urN2R55pM8,UC-SJ6nODDmufqBzPBwCvYvQ,CBS Mornings,2024-02-21T00:06:20Z
hlQLJVSBN18,UCvP5iwPBzl0Wn0-GBAzGryg,Marc Lamont Hill,2024-02-21T00:15:07Z
4XqTjfnfCUo,UCuuTCooIMbBFHNbPcSS70uw,SBS News,2024-02-21T01:07:58Z
u3MVVCk3WYw,UCJIfeSCssxSC_Dhc5s7woww,Lex Clips,2024-02-21T04:50:51Z
wMHPTXck580,UCxNdSmIF_ShyRpfMLGBZvDg,The Source Insight,2024-02-21T07:31:13Z
DGq62yC4Jwo,UCggJmYhtxBk1naIbZN541pw,Islam Channel,2024-02-21T09:13:16Z
IqNO1bTXziQ,UCgrNz-aDmcr2uuto8_DL2jg,CGTN,2024-02-21T09:16:28Z
5UNRpOpJiqM,UCb1Ti1WKPauPpXkYKVHNpsw,LBC,2024-02-21T10:23:36Z
jm7r5YK-fIM,UCN7B-QD0Qgn2boVH5Q0pOWg,BBC News Hindi,2024-02-21T12:04:40Z
w49wNamuJpA,UCXbzrzxCMC-XdjVvFCUMG_Q,30 Seconds of News,2024-02-21T12:15:03Z
5nHZLvwIMNs,UCESBL3qcbb9jLw7jq9gh4nQ,The i Paper,2024-02-21T14:01:39Z
D6Tgl1NU0DY,UCLKJThNsMXfridSO3vgwNvQ,b/60,2024-02-21T14:10:07Z
MHUQF14okOU,UCZMsvbAhhRblVGXmEXW8TSA,WELT Nachrichtensender,2024-02-21T14:30:14Z
Dth3n4q40SE,UCTjDhFuGXlhx9Us0gq0VK2w,The Trump Report,2024-02-21T18:35:49Z
ZatVGbggCsE,UCTrQ7HXWRRxr7OsOtodr2_w,Channel 4 News,2024-02-21T19:25:59Z
78xhYZLXcQw,UCtHWi_Mwj_Bu7TT1SjaI5Gw,STV News,2024-02-21T19:48:50Z
fL5PzI09Ks8,UCoMdktPbSTixAyNGwb-UYkQ,Sky News,2024-02-21T20:37:06Z
1zC3BwQBRMk,UCIRYBXDze5krPDzAEOxFGVA,Guardian News,2024-02-22T00:46:58Z
P-PAR1iRZ1M,UCIRYBXDze5krPDzAEOxFGVA,Guardian News,2024-02-22T02:37:57Z
2FvKIfSnFKw,UCm7lHFkt2yB_WzL67aruVBQ,Hindustan Times,2024-02-22T06:08:19Z
nR_HZByhykI,UCIzXayRP7-P0ANpq-nD-h5g,The Sun,2024-02-22T07:00:30Z
2V_1sbjJuNk,UC6RJ7-PaXg6TIH2BzZfTV7w,Times Now,2024-02-22T09:25:06Z
RBHnYWRfwhI,UCPgLNge0xqQHWM5B5EFH9Cg,The Telegraph,2024-02-22T10:29:59Z
y62m7T-IJYU,UCj1_pZ7vmxnhy5clIcMVJtg,A Different Bias,2024-02-22T12:00:50Z
K0bkiHQNLUE,UCu323GcvH87zsDuwMdGRPTQ,BGN NEWS,2024-02-22T12:24:09Z
ND15MXfFZDc,UCWl6ZVke4P2GYpk6eq4BPIQ,"Foreign, Commonwealth and Development Office",2024-02-22T12:49:30Z
lZAFXrJDmM4,UCESBL3qcbb9jLw7jq9gh4nQ,The i Paper,2024-02-22T12:59:54Z
Le_Z_xIawEE,UCPgLNge0xqQHWM5B5EFH9Cg,The Telegraph,2024-02-22T14:26:44Z
wrQaRsI79Qc,UC75suCpChvMVC_9ij7rUpxw,Preston Stewart ,2024-02-22T16:00:40Z
dbs6mKotyQc,UCME81PohuzT1JMCsEtvsD2w,On Demand News,2024-02-22T16:20:19Z
SG1y1NWClso,UCtTSYCBRRUStmL2oQLaqbDQ,The New Arab,2024-02-22T17:10:31Z
EhxAGtBn2Ac,UCMKNdKkt9qHlzvRr5oYWIDg,Lewisham PeopleBeforeProfit,2024-02-22T22:05:37Z
R9MDvqNSRh0,UCef1-8eOpJgud7szVPlZQAQ,CNN-News18,2024-02-23T08:53:14Z
jeJxKxWYn1w,UCR0fZh5SBxxMNYdg0VzRFkg,Middle East Eye,2024-02-23T15:20:44Z
1t4gjsacr58,UCR0fZh5SBxxMNYdg0VzRFkg,Middle East Eye,2024-02-23T16:00:00Z
cOYAzLtk5FM,UC7qUbTJ26pWtqpIMqPpMX2w,Pushpek Sidhu,2024-02-24T01:51:57Z
AzaM-EOzhCA,UChFYL76V9_VHs3lCFmj9N7w,Musthafa kashwa,2024-02-24T12:25:50Z
UOfwQriHWIs,UCckHqySbfy5FcPP6MD_S-Yg,Times Of India,2024-02-24T18:45:07Z
HrgY0ZNanXE,UC_gUM8rL-Lrg6O3adPW9K1g,WION,2024-02-24T19:39:19Z
QNHbeDVnBzA,UC_gUM8rL-Lrg6O3adPW9K1g,WION,2024-02-25T04:53:20Z
KoPoTePIYh0,UCVSNOxehfALut52NbkfRBaA,Voice of America,2024-02-25T20:58:54Z
I_xwnBNW_BI,UCsN32BtMd0IoByjJRNF12cw,60 Minutes,2024-02-26T04:00:11Z
Je1u0cOalco,UCKSGmEx5nKZCgjRny-9LaWQ,StudyIQ IAS हिंदी,2024-02-26T07:30:03Z
QE4fmq-LUDA,UCX4py0rkBIdjUqNJCH_JQDw,No Comment TV,2024-02-26T10:04:19Z
_N0jfq9LMuM,UCwcH94eG9YYAn1G2nfw3j-w,KADAK,2024-02-26T12:24:12Z
HqsKsCQfonY,UCNye-wNBqNL5ZzHSJj3l8Bg,Al Jazeera English,2024-02-26T14:03:16Z
eSSQzLCEjNI,UCNye-wNBqNL5ZzHSJj3l8Bg,Al Jazeera English,2024-02-26T16:30:09Z
mcnhARkAOVo,UCv325WBd65KarK6j75c3sZA,WiseWhispererStories,2024-02-26T18:21:11Z
l2JQJKAEnlg,UCBi2mrWuNuyYy4gbM6fU18Q,ABC News,2024-02-26T20:21:46Z
EyW3Q7Uivy4,UCv325WBd65KarK6j75c3sZA,WiseWhispererStories,2024-02-26T23:30:08Z
cNidy9NlGIg,UCoMdktPbSTixAyNGwb-UYkQ,Sky News,2024-02-26T23:37:24Z
TPFPX7--OOI,UCZFMm1mMw0F81Z37aaEzTUA,NDTV,2024-02-27T02:52:47Z
ltRIaOBO5LU,UCNye-wNBqNL5ZzHSJj3l8Bg,Al Jazeera English,2024-02-27T07:29:03Z
-OX8uGJTH8I,UCIZJ9a6P_nxCFJTmL0gh_IQ,Al Arabiya English,2024-02-27T07:52:11Z
qo0Y1pxHGWw,UC3prwMn9aU2z5Y158ZdGyyA,CRUX,2024-02-27T08:19:58Z
KFudrIQWgy8,UCz8QaiQxApLq8sLNcszYyJw,Firstpost,2024-02-27T10:11:10Z
oUsnKYqFFe0,UC_gUM8rL-Lrg6O3adPW9K1g,WION,2024-02-27T11:00:40Z
Egjlg2lwSuE,UCNye-wNBqNL5ZzHSJj3l8Bg,Al Jazeera English,2024-02-27T14:16:34Z
_I9-sRSJjLw,UCupvZG-5ko_eiXAupbDfxWw,CNN,2024-02-27T16:05:34Z
-hQyJJQu4HY,UC-BXMYbwORqc6-zp7C6-qpw,Oldfluencer,2024-02-27T18:45:08Z
sdvW1YAPZBU,UCknLrEdhRCp1aegoMqRaCZg,DW News,2024-02-27T18:59:41Z
di37fzn9PPE,UCoMdktPbSTixAyNGwb-UYkQ,Sky News,2024-02-27T19:06:01Z
dcENjqgG7HQ,UChqUTb7kYRX8-EiaN3XFrSQ,Reuters,2024-02-27T20:38:34Z
Jn1GrEcv5l0,UCNye-wNBqNL5ZzHSJj3l8Bg,Al Jazeera English,2024-02-28T00:28:59Z
fmNQ1oH8EE0,UC1yBKRuGpC1tSM73A0ZjYjQ,The Young Turks,2024-02-28T01:44:28Z
Dq9dRkxfH9I,UCaxIsKnhxr6bfaJFQc67-rg,ShanghaiEye魔都眼,2024-02-28T03:15:00Z
_I0mSVOBYy0,UCJg9wBPyKMNA5sRDnvzmkdg,LiveNOW from FOX,2024-02-28T05:12:12Z
8pHUJWsR4U4,UCSrZ3UV4jOidv8ppoVuvW9Q,euronews,2024-02-28T08:10:23Z
JYimRc1SXpc,UCN7B-QD0Qgn2boVH5Q0pOWg,BBC News Hindi,2024-02-28T09:18:40Z
k_V-tosybjs,UCz8QaiQxApLq8sLNcszYyJw,Firstpost,2024-02-28T10:19:59Z
nBrwzh85H1A,UCm7lHFkt2yB_WzL67aruVBQ,Hindustan Times,2024-02-28T12:20:14Z
EO9Gy7YL_bw,UCQfwfsi5VrQ8yKZ-UWmAEFg,FRANCE 24 English,2024-02-28T15:17:18Z
xc3RnhDtNAk,UCNye-wNBqNL5ZzHSJj3l8Bg,Al Jazeera English,2024-02-28T16:17:44Z
mBTn1Ra6tX4,UCgG6NmdsJ47Eh_BhUdbkwLQ,World News,2024-02-28T17:45:02Z
4-N85s0oxrs,UCsN32BtMd0IoByjJRNF12cw,60 Minutes,2024-02-28T20:18:12Z
3BMOx0lXluw,UCV3Nm3T-XAgVhKH9jT0ViRg,AJ+,2024-02-28T20:26:57Z
TWbrbcPuqMo,UCNye-wNBqNL5ZzHSJj3l8Bg,Al Jazeera English,2024-02-29T00:58:41Z
bcFIhuQXPCA,UC_gUM8rL-Lrg6O3adPW9K1g,WION,2024-02-29T03:45:59Z
y4RhP1z3ugk,UCNye-wNBqNL5ZzHSJj3l8Bg,Al Jazeera English,2024-02-29T05:11:02Z
l_GpHJ40nyY,UCTrQ7HXWRRxr7OsOtodr2_w,Channel 4 News,2024-02-29T12:04:31Z
geGQHEiHZPw,UChDKyKQ59fYz3JO2fl0Z6sg,TODAY,2024-02-29T13:00:38Z
utfcxmpCYco,UC8p1vwvWtl6T73JiExfWs1g,CBS News,2024-02-29T15:48:38Z
iSJq2ZZyy58,UCkBS_xU1WQ7FVsDoQ_OPeDg,CBS Chicago,2024-02-29T16:17:59Z
UIvCETnzCqw,UCoMdktPbSTixAyNGwb-UYkQ,Sky News,2024-02-29T16:50:40Z
OaBUKrc8oa4,UCeY0bbntWzzVIaj2z3QigXg,NBC News,2024-02-29T18:00:19Z
lBdgGxR1zWE,UC1SGtS9vg5s2TGRU8xPkqdA,(hardcore) World News,2024-02-29T18:21:00Z
4WIR-bkotio,UChqUTb7kYRX8-EiaN3XFrSQ,Reuters,2024-02-29T19:54:55Z
pFyoGCS2dSs,UChqUTb7kYRX8-EiaN3XFrSQ,Reuters,2024-02-29T20:20:41Z
IWZwgcByJlw,UCE_SzEwCLugsRAIg3JNe5Uw,Study Expand,2024-03-01T00:52:10Z
XQUDVWTWtvU,UCuuTCooIMbBFHNbPcSS70uw,SBS News,2024-03-01T05:13:16Z
7P5WHj2uRcQ,UCz8QaiQxApLq8sLNcszYyJw,Firstpost,2024-03-01T10:57:50Z
cj5m34V5i4c,UCN7B-QD0Qgn2boVH5Q0pOWg,BBC News Hindi,2024-03-01T12:13:44Z
N1Pge10dkIQ,UCm7lHFkt2yB_WzL67aruVBQ,Hindustan Times,2024-03-01T14:30:11Z
9CwZvSsR9Cs,UCNye-wNBqNL5ZzHSJj3l8Bg,Al Jazeera English,2024-03-01T16:26:31Z
bFRsRhkIHiw,UCupvZG-5ko_eiXAupbDfxWw,CNN,2024-03-01T20:59:08Z
i7vNa46CTP4,UCVKAcQQCO8vv87Gk62SutAg,CityNews,2024-03-01T22:25:31Z
3B-uMxN0Ez4,UCaXkIU1QidjPwiAYu6GcHjg,MS NOW,2024-03-01T22:34:33Z
M_c-13rJih8,UCP6HGa63sBC7-KHtkme-p-g,USA TODAY,2024-03-01T22:36:48Z
G_vYkVfSqTY,UCyF7xihO2ZdIhWKY3sM6oRQ,World Political Hub,2024-03-01T23:35:11Z
4avGW0dSKBs,UCEXGDNclvmg6RW0vipJYsTQ,Channels Television,2024-03-01T23:56:29Z
t-07qeYlvu4,UCP79YHlCpXO3_3GK8ykDVFQ,Watchwoman 65,2024-03-02T00:20:50Z
E95DhJzZU0Q,UCAeWdyKJXGWmVAXFpgLNNTg,CBS Evening News,2024-03-02T01:18:59Z
nOGIORG8btU,UCyw-NpaizmAD_5qQJ4MieVg,4 News Now,2024-03-02T02:35:50Z
Zz2KRjQ0dxU,UCBi2mrWuNuyYy4gbM6fU18Q,ABC News,2024-03-02T03:13:33Z
rOrR__vJ2qg,UC64A-bbH15b5kN5A32CErOA,10 News,2024-03-02T07:48:17Z
YU482SN3teE,UCqTa3sNT6SfiQ2DQK_kuWlA,Oneindia News,2024-03-02T07:52:22Z
NCSxygt2s0A,UCN7B-QD0Qgn2boVH5Q0pOWg,BBC News Hindi,2024-03-02T09:24:09Z
jzPFw1BcnWc,UCz8QaiQxApLq8sLNcszYyJw,Firstpost,2024-03-02T10:51:36Z
OjMJPG2fsBc,UCef1-8eOpJgud7szVPlZQAQ,CNN-News18,2024-03-02T13:14:07Z
jrxzUyTCRMY,UCrdPiSPVW0rtRsI002BX8iw,Mojo Story,2024-03-02T13:45:03Z
lIcAP_Z4tsA,UCxMXl9L79X1Mq_4iwCOyPFg,CBS TEXAS,2024-03-02T15:28:40Z
a9zaGTHZ5aI,UCtHj99tghArJD77NEm8vQPQ,Yahya Mahamid,2024-03-02T17:39:45Z
NvHKPLLP2dQ,UCef1-8eOpJgud7szVPlZQAQ,CNN-News18,2024-03-02T18:08:15Z
XDl-cb6M1tg,UCaXkIU1QidjPwiAYu6GcHjg,MS NOW,2024-03-02T19:28:19Z
ME8dDpaaLKE,UChqUTb7kYRX8-EiaN3XFrSQ,Reuters,2024-03-02T21:03:07Z
2GTdP7ojO70,UCJg9wBPyKMNA5sRDnvzmkdg,LiveNOW from FOX,2024-03-02T21:36:58Z
OMct406-7_0,UCO0akufu9MOzyz3nvGIXAAw,Sky News Australia,2024-03-03T02:54:35Z
a9uvzRhIK4k,UCC0Cw6HGQNqDyAuXa07j-1Q,IT STINGS !,2024-03-03T04:29:55Z
NAB9e4V7DgE,UCgrNz-aDmcr2uuto8_DL2jg,CGTN,2024-03-03T07:08:52Z
wF9fPF-Y08M,UCQfwfsi5VrQ8yKZ-UWmAEFg,FRANCE 24 English,2024-03-03T07:36:14Z
ZaooI6c5DDA,UCNye-wNBqNL5ZzHSJj3l8Bg,Al Jazeera English,2024-03-03T09:18:59Z
yllmveuFtBQ,UCm7lHFkt2yB_WzL67aruVBQ,Hindustan Times,2024-03-03T09:25:58Z
sOlv15yGi7s,UCVgO39Bk5sMo66-6o6Spn6Q,ABC News (Australia),2024-03-03T09:30:23Z
lnzkRhuyk0E,UC3prwMn9aU2z5Y158ZdGyyA,CRUX,2024-03-03T11:45:03Z
JAT9NQ4WkE0,UCNye-wNBqNL5ZzHSJj3l8Bg,Al Jazeera English,2024-03-03T15:06:47Z
PzQIDphcbf0,UCBi2mrWuNuyYy4gbM6fU18Q,ABC News,2024-03-03T17:43:44Z
_NnGxpgKlPg,UCnyCrv8b7bu0oWFXGyHaPzg,TRT World Now,2024-03-03T17:52:10Z
SdxSigGl3dM,UCupvZG-5ko_eiXAupbDfxWw,CNN,2024-03-03T19:37:18Z
jTwXIxJuu8w,UC72nbKQLSDyiSARhg0Ywj4w,9NEWS,2024-03-03T22:24:05Z
zZm_ssSq0oY,UC16niRr50-MSBwiO3YDb3RA,BBC News,2024-03-03T22:43:58Z
ntOU76wSQzs,UCfUU-PZ6eodene7d8hAz67A,FOX54 News Huntsville,2024-03-04T03:15:04Z
p6o1EaxIrWo,UCef1-8eOpJgud7szVPlZQAQ,CNN-News18,2024-03-04T07:45:32Z
jSMCd40uUJc,UC7fWeaHhqgM4Ry-RMpM2YYw,TRT World,2024-03-04T08:17:03Z
IAzVNhnIj7g,UCm7lHFkt2yB_WzL67aruVBQ,Hindustan Times,2024-03-04T08:55:00Z
EAO-0mbtq5Y,UCNye-wNBqNL5ZzHSJj3l8Bg,Al Jazeera English,2024-03-04T10:19:54Z
v5b1kUSMNBE,UC4p_I9eiRewn2KoU-nawrDg,The Straits Times,2024-03-04T13:59:54Z
gPzMPs2UHaw,UC_gUM8rL-Lrg6O3adPW9K1g,WION,2024-03-04T15:12:52Z
fzBPJ3LMhhg,UC8BxSGcBKriJvoeyKOnJ6tA,The Washington Examiner,2024-03-04T16:00:27Z
KIcNCyifNyI,UCiinSjWS3E0vtAa3DCvp7iA,BreakThrough News,2024-03-04T16:38:37Z
OcNIwI3Q5Kc,UCz8QaiQxApLq8sLNcszYyJw,Firstpost,2024-03-04T18:09:20Z
1lAWLufVcrw,UCggJmYhtxBk1naIbZN541pw,Islam Channel,2024-03-04T18:26:55Z
y4Be9DjyJqM,UCTrQ7HXWRRxr7OsOtodr2_w,Channel 4 News,2024-03-04T19:28:17Z
-OX7jojzSnY,UC75suCpChvMVC_9ij7rUpxw,Preston Stewart ,2024-03-04T20:00:00Z
p8BtHwGiGjA,UCvHDpsWKADrDia0c99X37vg,i24NEWS English,2024-03-04T20:16:39Z
l7V7mOD91fI,UCPgLNge0xqQHWM5B5EFH9Cg,The Telegraph,2024-03-04T20:36:04Z
eeMaJeFS_fo,UCeY0bbntWzzVIaj2z3QigXg,NBC News,2024-03-04T21:28:46Z
TgPpJPFPJzw,UCz8QaiQxApLq8sLNcszYyJw,Firstpost,2024-03-05T00:30:10Z
KpDH91B_5qs,UC5O114-PQNYkurlTg6hekZw,United Nations,2024-03-05T03:00:09Z
XRF1NtQPO04,UC3prwMn9aU2z5Y158ZdGyyA,CRUX,2024-03-05T10:00:48Z
bQ2N24c5f8M,UCnyCrv8b7bu0oWFXGyHaPzg,TRT World Now,2024-03-05T10:44:37Z
3ZdS1Te-GbQ,UC16niRr50-MSBwiO3YDb3RA,BBC News,2024-03-05T11:00:30Z
hNxQwc7x7Qo,UCwcH94eG9YYAn1G2nfw3j-w,KADAK,2024-03-05T11:45:19Z
y28JHC-iYmk,UC_gUM8rL-Lrg6O3adPW9K1g,WION,2024-03-05T11:54:14Z
lMG_weFxH5Y,UCw8Fc5R0Q5yyS3KrDCPM3xg,Times Now World,2024-03-05T13:30:19Z
eFSCWSBcf0s,UCef1-8eOpJgud7szVPlZQAQ,CNN-News18,2024-03-05T15:52:53Z
06HREOpRFKQ,UCm7lHFkt2yB_WzL67aruVBQ,Hindustan Times,2024-03-05T18:02:22Z
NyT-RWCy6AQ,UCsjInJwm1vIMCeegrZSk_TQ,5NEWS,2024-03-05T22:12:32Z
ADaB3bem45o,UCQAUoXXSGHSntpTPvWwvXbg,NEWS CENTER Maine,2024-03-05T22:14:04Z
uwOAoBRiaYc,UChirEOpgFCupRAk5etXqPaA,Bloomberg News,2024-03-05T23:00:28Z
GLs7avOeVtM,UChqUTb7kYRX8-EiaN3XFrSQ,Reuters,2024-03-05T23:43:55Z
Ertvp7w2KTU,UCzznO4xSV8BKnUBPyswtCUw,Arirang News,2024-03-06T01:15:12Z
yRJ5iz17Y9w,UCNye-wNBqNL5ZzHSJj3l8Bg,Al Jazeera English,2024-03-06T02:17:42Z
fkPSZH8VOKA,UCw77677G3EAODp61b0izs7w,6abc Philadelphia,2024-03-06T02:21:36Z
CdFYIxoJ4OQ,UC_gUM8rL-Lrg6O3adPW9K1g,WION,2024-03-06T03:35:06Z
KJV9MN5RuUM,UC3prwMn9aU2z5Y158ZdGyyA,CRUX,2024-03-06T04:50:36Z
p_Jn3D9I8-s,UCzznO4xSV8BKnUBPyswtCUw,Arirang News,2024-03-06T04:52:01Z
SyNZ7nN-K4U,UC6RJ7-PaXg6TIH2BzZfTV7w,Times Now,2024-03-06T06:39:29Z
gpwYcI1qr1M,UCSrZ3UV4jOidv8ppoVuvW9Q,euronews,2024-03-06T07:15:58Z
sp1p0jGpGe8,UCSrZ3UV4jOidv8ppoVuvW9Q,euronews,2024-03-06T07:29:53Z
74aXebJm2Xs,UCIZJ9a6P_nxCFJTmL0gh_IQ,Al Arabiya English,2024-03-06T08:07:45Z
eu5bC2BcSjo,UCef1-8eOpJgud7szVPlZQAQ,CNN-News18,2024-03-06T08:49:15Z
BmtjUcCIftg,UC3prwMn9aU2z5Y158ZdGyyA,CRUX,2024-03-06T09:03:44Z
4XEbDp0n5uw,UC_gUM8rL-Lrg6O3adPW9K1g,WION,2024-03-06T09:49:57Z
UUtloZR4XLQ,UC0YfApJx6qNaAQ-ir93U8xA,Senator Peter Welch,2024-03-06T10:20:12Z
WbBIRL2B2dg,UCbIjGARlEPnNm5YG9uN_eTA,VOICE OF OPPRESSE,2024-03-06T11:12:47Z
1pQLN-bSFuQ,UCQfwfsi5VrQ8yKZ-UWmAEFg,FRANCE 24 English,2024-03-06T11:17:14Z
616KOfv9WtQ,UCFQgi22Ht00CpaOQLtvZx2A,ITV News,2024-03-06T11:42:26Z
OiCw5xKI5OQ,UCIZJ9a6P_nxCFJTmL0gh_IQ,Al Arabiya English,2024-03-06T12:15:17Z
y_cfIE___Zg,UCz8QaiQxApLq8sLNcszYyJw,Firstpost,2024-03-06T12:55:32Z
rOSBipRNaKQ,UCR0fZh5SBxxMNYdg0VzRFkg,Middle East Eye,2024-03-06T13:14:33Z
iAi_4nSFSPI,UCQfwfsi5VrQ8yKZ-UWmAEFg,FRANCE 24 English,2024-03-06T13:35:48Z
FotkO3l7PsE,UCSAmHkTRgY3ucvfKtipQXuQ,Issu Calligraphy ,2024-03-06T14:22:55Z
39pQQgLU5Bw,UCDm8wTs790pjGBJ_8vKPVyg,Falcon AI,2024-03-06T15:00:02Z
jU6ch7otAxU,UCz8QaiQxApLq8sLNcszYyJw,Firstpost,2024-03-06T15:35:02Z
6fPfXZWbkaI,UCQfwfsi5VrQ8yKZ-UWmAEFg,FRANCE 24 English,2024-03-06T15:39:07Z
qROjucFzpik,UCef1-8eOpJgud7szVPlZQAQ,CNN-News18,2024-03-06T16:31:07Z
V5nE8_90qtk,UCtTSYCBRRUStmL2oQLaqbDQ,The New Arab,2024-03-06T17:03:03Z
nCzrd0SL0n8,UCOcfVau723M1bHKJ0GdCbgQ,Rudy Rochman,2024-03-06T17:06:07Z
AOr11dclVAM,UC_vFLohxs5PkAxlk7Y6jEtw,ABC 7 Chicago,2024-03-06T17:25:05Z
10Q8LeayleI,UC-8_qAhNVG8G1wxONMnYr3Q,GZERO Media,2024-03-06T18:50:18Z
QGT_pY2LnWE,UCgG6NmdsJ47Eh_BhUdbkwLQ,World News,2024-03-06T19:11:06Z
zDl7lx_Djq8,UC8p1vwvWtl6T73JiExfWs1g,CBS News,2024-03-06T19:59:28Z
REvR9KWkQ3c,UCj7wKsOBhRD9Jy4yahkMRMw,CGTN America,2024-03-06T21:19:56Z
WFNPR-T_3jo,UC73H5p3GP8b5N1f3hozIXyQ,TBN Israel,2024-03-06T22:00:12Z
daW6uEzqmU8,UCRlWXcripH3oV_v6uSb9ASw,WQAD News 8,2024-03-06T22:47:04Z
wFjYFonN3ZI,UCR0fZh5SBxxMNYdg0VzRFkg,Middle East Eye,2024-03-06T23:31:36Z
Z8EM3gcwiUM,UCR0fZh5SBxxMNYdg0VzRFkg,Middle East Eye,2024-03-07T02:47:52Z
29tj-yrX9GY,UCF4LEacx9sDvAbEJnlaJfKQ,KPIX | CBS NEWS BAY AREA,2024-03-07T03:32:02Z
uJt3tUNVM5s,UCzuqE7-t13O4NIDYJfakrhw,Democracy Now!,2024-03-07T15:20:17Z
-d_e3UHdGSU,UC_vFLohxs5PkAxlk7Y6jEtw,ABC 7 Chicago,2024-03-07T19:55:45Z
j-xmgHZYSKE,UChqUTb7kYRX8-EiaN3XFrSQ,Reuters,2024-03-07T19:58:18Z
5PyN-IuOPvM,UCzuqE7-t13O4NIDYJfakrhw,Democracy Now!,2024-03-07T20:00:01Z
Zs8rSXiPVZ8,UC4Ag7X5nY_QaURXtpNT12Wg,Muslim Global Relief,2024-03-07T20:58:00Z
_pq0nPhSkxQ,UCtWWry0cgjWi9C0Ye9sh6og,news.com.au,2024-03-07T21:50:02Z
h8xru8uhI88,UC4OqEJz6oABzz_7nu29zF3A,FOX 26 Houston,2024-03-08T00:16:35Z
4E_mwScwTLQ,UCm7lHFkt2yB_WzL67aruVBQ,Hindustan Times,2024-03-08T01:30:01Z
LVkc8Z7Ztp0,UCw8Fc5R0Q5yyS3KrDCPM3xg,Times Now World,2024-03-08T03:30:07Z
aZlrZqbIrmw,UCaXkIU1QidjPwiAYu6GcHjg,MS NOW,2024-03-08T03:58:46Z
NYWFTkvsdA0,UC83jt4dlz1Gjl58fzQrrKZg,CNA,2024-03-08T04:17:03Z
ujh1QqfBZFI,UC_wEFPo0aHFIAhkB7SC7PVw,VOA Africa,2024-03-08T05:31:35Z
dkcXejh_Ke4,UCIZJ9a6P_nxCFJTmL0gh_IQ,Al Arabiya English,2024-03-08T07:51:26Z
wmGqTI3ptac,UCz8QaiQxApLq8sLNcszYyJw,Firstpost,2024-03-08T09:55:34Z
-BouprikAig,UCDg5Dpx6BCf_4ogh3xMqIkg,The Journal,2024-03-08T10:03:04Z
uEVdLtyEo9k,UCoMdktPbSTixAyNGwb-UYkQ,Sky News,2024-03-08T10:04:53Z
IrvGogvDfBA,UCQfwfsi5VrQ8yKZ-UWmAEFg,FRANCE 24 English,2024-03-08T11:50:00Z
nPw9gXKDeaM,UCz8QaiQxApLq8sLNcszYyJw,Firstpost,2024-03-08T12:25:15Z
E6Qza6QIK0A,UCoMdktPbSTixAyNGwb-UYkQ,Sky News,2024-03-08T12:39:17Z
zReN3p4Xfyk,UCIZJ9a6P_nxCFJTmL0gh_IQ,Al Arabiya English,2024-03-08T13:15:19Z
mC6ftgigl1c,UCuC_LfDRkVy7Y2UFxQWBzOQ,Sach Aap Tak,2024-03-08T14:48:38Z
DPfrbX6mD-Q,UCQfwfsi5VrQ8yKZ-UWmAEFg,FRANCE 24 English,2024-03-08T15:33:55Z
tBxojM_EwT0,UCw77677G3EAODp61b0izs7w,6abc Philadelphia,2024-03-08T17:44:12Z
wNCTTkmh8jY,UCoMdktPbSTixAyNGwb-UYkQ,Sky News,2024-03-08T17:52:22Z
LBe_YirtCrw,UCGs-yDFkfHDbeQcApWkTtxg,TV7 Israel News,2024-03-08T19:02:56Z
URU2yvXRrjU,UC7fWeaHhqgM4Ry-RMpM2YYw,TRT World,2024-03-08T19:28:49Z
bIfvbaiauno,UC52X5wxOL_s5yw0dQk7NtgA,Associated Press,2024-03-08T20:30:22Z
CzpuNu8ulZU,UC75suCpChvMVC_9ij7rUpxw,Preston Stewart ,2024-03-08T21:00:05Z
Fb9w1vIoZu8,UCRlWXcripH3oV_v6uSb9ASw,WQAD News 8,2024-03-08T23:12:54Z
MCpYEz7qvIk,UC5maSolHQX9er0BOxrzjMwA,FOX 7 Austin,2024-03-08T23:53:23Z
MMNbSW9sOqM,UCR0fZh5SBxxMNYdg0VzRFkg,Middle East Eye,2024-03-09T04:57:11Z
7wQt-OhTjhw,UCTOMm0nbMJokcGKXJkZuQNA,Bushra shaikh 🇵🇸,2024-03-09T06:46:50Z
InHwhlZ0b6A,UCwqusr8YDwM-3mEYTDeJHzw,Republic World,2024-03-09T07:45:54Z
PXUm1TxvOjo,UCQfwfsi5VrQ8yKZ-UWmAEFg,FRANCE 24 English,2024-03-09T09:51:51Z
BSA9tKuqvuI,UCvi6hEzLM-Z_unKPSuuzKvg,ANC 24/7,2024-03-09T10:40:42Z
Q1iKpl6nxzw,UCvi6hEzLM-Z_unKPSuuzKvg,ANC 24/7,2024-03-09T10:42:14Z
KGjGozALY3I,UCN7B-QD0Qgn2boVH5Q0pOWg,BBC News Hindi,2024-03-09T10:49:48Z
6f0tNifEXVQ,UC7fWeaHhqgM4Ry-RMpM2YYw,TRT World,2024-03-09T11:20:04Z
gEbGubY_vSI,UCz8QaiQxApLq8sLNcszYyJw,Firstpost,2024-03-09T12:08:14Z
S5t-PRHZMf8,UCQfwfsi5VrQ8yKZ-UWmAEFg,FRANCE 24 English,2024-03-09T12:50:23Z
kLW4j6PYY2s,UCzEEE9RTzf4-HG380DPNWQg, your voice🕊,2024-03-09T14:24:23Z
5NPFIbSAg7k,UCQfwfsi5VrQ8yKZ-UWmAEFg,FRANCE 24 English,2024-03-09T17:18:57Z
ga6oAbu-6lk,UCTrQ7HXWRRxr7OsOtodr2_w,Channel 4 News,2024-03-09T19:01:36Z
TXUXbqII1Qw,UCoMdktPbSTixAyNGwb-UYkQ,Sky News,2024-03-09T19:35:21Z
K-VyBvbvqhM,UCO0akufu9MOzyz3nvGIXAAw,Sky News Australia,2024-03-09T21:56:08Z
axAZD_2wpQ0,UCknLrEdhRCp1aegoMqRaCZg,DW News,2024-03-09T23:07:39Z
j3IG-J4b6r8,UCNye-wNBqNL5ZzHSJj3l8Bg,Al Jazeera English,2024-03-10T02:53:30Z
iUMxRplfqeM,UCp8DG8-68JptV1vEMNaAeLA,Ainchor Clips,2024-03-10T09:30:24Z
bnMqh77Q1M0,UCz8QaiQxApLq8sLNcszYyJw,Firstpost,2024-03-10T11:26:40Z
k1azvcCQAeg,UC75suCpChvMVC_9ij7rUpxw,Preston Stewart ,2024-03-10T15:00:38Z
yks-sbQEPWM,UCPWXiRWZ29zrxPFIQT7eHSA,The Hill,2024-03-10T15:00:46Z
T3SEGMX1daE,UCph-M7aQqpi1fW0BQwn7XUA,Anadolu English,2024-03-10T17:39:56Z
9_sVrjEWPVk,UCF-VP3b3oH0XASqsLI5rnLw,Times News,2024-03-10T19:23:46Z
8-jhoAs_O-g,UCNye-wNBqNL5ZzHSJj3l8Bg,Al Jazeera English,2024-03-10T21:22:33Z
eibrUqfFaQk,UCienrRCknlWUwb1X59PsETw,THE Sabali ,2024-03-11T00:09:53Z
bOY-XKwNxP0,UCO0akufu9MOzyz3nvGIXAAw,Sky News Australia,2024-03-11T02:36:28Z
FM_1LMGTceE,UCO0akufu9MOzyz3nvGIXAAw,Sky News Australia,2024-03-11T04:04:10Z
1kmcH8Qpuug,UC2UxjIF5fIdlwSWHF1Fv8kA,Fawad Khan,2024-03-11T05:54:03Z
pOzbxvThHxk,UCNye-wNBqNL5ZzHSJj3l8Bg,Al Jazeera English,2024-03-11T06:17:35Z
0Q-ybRIC3b0,UC3prwMn9aU2z5Y158ZdGyyA,CRUX,2024-03-11T07:53:03Z
5p10EVWSB3U,UCIZJ9a6P_nxCFJTmL0gh_IQ,Al Arabiya English,2024-03-11T08:10:20Z
6SxIWeMRSVY,UCwcH94eG9YYAn1G2nfw3j-w,KADAK,2024-03-11T08:18:17Z
BHlFLsf7ot0,UCxcrzzhQDj5zKJbXfIscCtg,ABC News In-depth,2024-03-11T09:30:02Z
Lt5mPZRwhjo,UCR0fZh5SBxxMNYdg0VzRFkg,Middle East Eye,2024-03-11T10:30:29Z
DIFPkULX96s,UCtlVDMdzmvQpUIx-BPJUKYA,Motaz Taha,2024-03-11T12:03:50Z
616yef1VclM,UCQfwfsi5VrQ8yKZ-UWmAEFg,FRANCE 24 English,2024-03-11T14:28:17Z
QtOh2DQymuc,UCQAUoXXSGHSntpTPvWwvXbg,NEWS CENTER Maine,2024-03-11T22:06:04Z
dwTc0zD9E2s,UCm7lHFkt2yB_WzL67aruVBQ,Hindustan Times,2024-03-12T05:27:36Z
9qeMm_TDcBA,UC8L6Gi-wB-U0dS6nlZ3dylw,DREAMBUCKSpizza,2024-03-12T06:43:45Z
8lmKjJp3Y7c,UCdnIs2Q_0SmDIhuIPtASjSg,100x Legal,2024-03-12T06:51:37Z
JXPzPTaudhA,UCIZJ9a6P_nxCFJTmL0gh_IQ,Al Arabiya English,2024-03-12T08:05:53Z
B9bQLW-pthA,UCknLrEdhRCp1aegoMqRaCZg,DW News,2024-03-12T10:33:20Z
VNHIJcImFMo,UCv325WBd65KarK6j75c3sZA,WiseWhispererStories,2024-03-12T12:00:25Z
mMirgpmQc-Q,UCIZJ9a6P_nxCFJTmL0gh_IQ,Al Arabiya English,2024-03-12T12:05:39Z
7CtR2oMGFoY,UCtTSYCBRRUStmL2oQLaqbDQ,The New Arab,2024-03-12T12:15:18Z
D6PMA4oDz5k,UCETE4rKzRRjqM0JaB7TlPpQ,KSAT 12,2024-03-12T14:25:02Z
ofUvQQW9jKk,UCRBlxZDX_sn1Ymbzh6v-LOQ,SONIKZ,2024-03-12T15:17:02Z
85PMw846XzE,UC8p1vwvWtl6T73JiExfWs1g,CBS News,2024-03-12T18:21:43Z
05uBmMZ6yc4,UCeNye7KTqrl9MXYIfD9QF6w,ILM i SITARA,2024-03-12T18:22:27Z
bdMCF0LFzFI,UCSRRURbKlPf1HwPUhjmufTg,The Free Press,2024-03-12T18:56:04Z
sPZN3OESYgY,UCZUuGGMEww6xCrs1SuGsyVg,Vertex Odyssey News,2024-03-12T19:29:31Z
7eCrT3-JnIo,UChqUTb7kYRX8-EiaN3XFrSQ,Reuters,2024-03-12T20:05:23Z
1R_kwrLRITA,UCNbuBJhU92SoJOdyvomArZQ,Rajeen Dabkhe دبكة,2024-03-12T20:51:11Z
BtMLmrUamWI,UCP6HGa63sBC7-KHtkme-p-g,USA TODAY,2024-03-12T22:41:25Z
aAoWCfl7W0g,UCBi2mrWuNuyYy4gbM6fU18Q,ABC News,2024-03-13T00:17:34Z
vLAabwCIAmg,UCCloCA9hPytdHnALOr1U-xg,MannyMor,2024-03-13T00:28:32Z
Skuhv-1B7l8,UCdA4XmREouA1rNO-t7zl_rw,polymath,2024-03-13T06:47:55Z
R7xv3dEmoDs,UCIZJ9a6P_nxCFJTmL0gh_IQ,Al Arabiya English,2024-03-13T10:05:20Z
hoMCqI-EeTU,UCv325WBd65KarK6j75c3sZA,WiseWhispererStories,2024-03-13T13:30:18Z
IatOCqeXizw,UCef1-8eOpJgud7szVPlZQAQ,CNN-News18,2024-03-13T15:19:10Z
QJzKfczh-cI,UCv325WBd65KarK6j75c3sZA,WiseWhispererStories,2024-03-13T15:30:09Z
Pe5iN-g3FbM,UC_gUM8rL-Lrg6O3adPW9K1g,WION,2024-03-13T15:33:07Z
x5b_pwqKocQ,UCef1-8eOpJgud7szVPlZQAQ,CNN-News18,2024-03-13T16:21:10Z
s5blmTz1o7g,UCQfwfsi5VrQ8yKZ-UWmAEFg,FRANCE 24 English,2024-03-14T00:55:31Z
NvBZBqe8Zvc,UCuuTCooIMbBFHNbPcSS70uw,SBS News,2024-03-14T01:42:33Z
z3oM_esBbTg,UCeNye7KTqrl9MXYIfD9QF6w,ILM i SITARA,2024-03-14T06:14:59Z
KVFEjhu1hrk,UCz8QaiQxApLq8sLNcszYyJw,Firstpost,2024-03-14T07:30:55Z
26S82mROiNo,UCm7lHFkt2yB_WzL67aruVBQ,Hindustan Times,2024-03-14T08:40:00Z
U2HQ0k_Lveo,UCm7lHFkt2yB_WzL67aruVBQ,Hindustan Times,2024-03-14T10:58:32Z
Q7uW_lK7nIE,UCbIjGARlEPnNm5YG9uN_eTA,VOICE OF OPPRESSE,2024-03-14T12:05:51Z
CTxcLDyd_So,UC_gUM8rL-Lrg6O3adPW9K1g,WION,2024-03-14T12:10:24Z
DLIEJ4BriCI,UC_gUM8rL-Lrg6O3adPW9K1g,WION,2024-03-14T12:30:07Z
dVyUSAKbKPk,UCN7B-QD0Qgn2boVH5Q0pOWg,BBC News Hindi,2024-03-14T17:31:33Z
fngpQsDO2aQ,UCV3Nm3T-XAgVhKH9jT0ViRg,AJ+,2024-03-14T17:38:08Z
Pks41_Y6h9g,UCmouT0FDMQC8PH8CbQFdHUw,Today Unpacked,2024-03-14T19:27:56Z
yz47J2BEqYI,UCK7tptUDHh-RYDsdxO1-5QQ,The Wall Street Journal,2024-03-15T13:01:00Z
sOeHTAzDH0I,UC83jt4dlz1Gjl58fzQrrKZg,CNA,2024-03-15T13:16:21Z
8ZTiH0qV9xI,UChDKyKQ59fYz3JO2fl0Z6sg,TODAY,2024-03-15T13:30:10Z
zvTRsPvdY00,UCSrZ3UV4jOidv8ppoVuvW9Q,euronews,2024-03-15T14:32:17Z
YcKV3e6xkJg,UCBCdXJSK0oLJH0p7CU4aX2w,AM 1100 The Flag WZFG,2024-03-15T15:28:36Z
m26lPZcFHWs,UCTrQ7HXWRRxr7OsOtodr2_w,Channel 4 News,2024-03-15T17:45:48Z
u5pIxfkzn0A,UCcgyRZcZAtjXoz8bEdETzyw,Rabbi Elchanan Poupko,2024-03-15T18:15:49Z
eW1yAjGf-o8,UCoMdktPbSTixAyNGwb-UYkQ,Sky News,2024-03-15T19:09:42Z
zmoZ6K6ZKW0,UC1usRZ5jYkBgdkdLdzWZjpA,Fresh Focus News ,2024-03-15T21:23:09Z
MTb84kN73p8,UCPasYvikUOas440qbC5hguA,Ayn Rand Centre UK,2024-03-16T06:06:59Z
DxN9jjgBlE8,UCvi6hEzLM-Z_unKPSuuzKvg,ANC 24/7,2024-03-16T07:43:28Z
RqVp22Sxaow,UC6qBKxbtX28dpjvXr57BypQ,ALIF HIGH SCHOOL,2024-03-16T08:33:59Z
dTLI6R4pg54,UC7fWeaHhqgM4Ry-RMpM2YYw,TRT World,2024-03-16T08:50:39Z
qa4o_ByK5kg,UCef1-8eOpJgud7szVPlZQAQ,CNN-News18,2024-03-16T09:51:18Z
_04qco8OjkY,UCrpEPrZCzOBIpz4XRMEaUAQ,India Today Conclave,2024-03-16T10:45:57Z
ekua4hCX538,UCQfwfsi5VrQ8yKZ-UWmAEFg,FRANCE 24 English,2024-03-16T11:13:51Z
eXX1QWqfoyM,UCz8QaiQxApLq8sLNcszYyJw,Firstpost,2024-03-16T13:08:36Z
HuvBbZt91AY,UCJg9wBPyKMNA5sRDnvzmkdg,LiveNOW from FOX,2024-03-16T13:16:52Z
IY76MabFmas,UCmouT0FDMQC8PH8CbQFdHUw,Today Unpacked,2024-03-16T13:30:09Z
eckiV4d0j_g,UCcf1Zhm3gx0QDyuIuaROHXQ,MuslimMindLab,2024-03-16T18:17:20Z
M_U4yReWZC8,UCP6HGa63sBC7-KHtkme-p-g,USA TODAY,2024-03-16T18:48:41Z
d2m7WC5nem4,UCknLrEdhRCp1aegoMqRaCZg,DW News,2024-03-16T19:00:19Z
s-9h67zEYO0,UCCjG8NtOig0USdrT5D1FpxQ,NewsNation,2024-03-16T19:02:24Z
U5WT_C5-HkY,UC_gUM8rL-Lrg6O3adPW9K1g,WION,2024-03-17T08:44:03Z
9ecDIBsENCw,UCmouT0FDMQC8PH8CbQFdHUw,Today Unpacked,2024-03-17T13:30:07Z
qB3rFWm-qQw,UC_gUM8rL-Lrg6O3adPW9K1g,WION,2024-03-17T13:51:59Z
Leg9UVNmIi0,UC_gUM8rL-Lrg6O3adPW9K1g,WION,2024-03-17T13:54:53Z
zZpjKmOHlAM,UCCjkK_Qk9BUytDlAzz0iCZw,AFP Deutsch,2024-03-17T15:02:11Z
0d9CCDGBSgE,UCupvZG-5ko_eiXAupbDfxWw,CNN,2024-03-17T18:00:00Z
Jk05mBg2kgI,UChDKyKQ59fYz3JO2fl0Z6sg,TODAY,2024-03-18T12:45:01Z
236U9xDQsA8,UC1_E8NeF5QHY2dtdLRBCCLA,africanews,2024-03-18T13:46:51Z
Rl_pvXWQ5mg,UCHd62-u_v4DvJ8TCFtpi4GA,Washington Post,2024-03-18T13:53:46Z
6vu1tiuBF5Y,UCm7lHFkt2yB_WzL67aruVBQ,Hindustan Times,2024-03-18T16:30:02Z
LTpyDuv8pxM,UCk5aBEeEA2kyU8EylySeusw,wire fatafat,2024-03-18T16:34:31Z
wU--5k2Z-I4,UCGs-yDFkfHDbeQcApWkTtxg,TV7 Israel News,2024-03-18T19:00:55Z
TKWSdFNAnyk,UC2x_qNZXKDxNP1j4jvHATRQ,Face the Nation,2024-03-18T22:55:40Z
TcnesLlKwJc,UC8p1vwvWtl6T73JiExfWs1g,CBS News,2024-03-19T01:02:13Z
vhrr2MamGD8,UCIRYBXDze5krPDzAEOxFGVA,Guardian News,2024-03-19T01:50:01Z
L6Tzrd7YhFI,UCz8QaiQxApLq8sLNcszYyJw,Firstpost,2024-03-19T08:03:10Z
HRe0sH0wjik,UCX4py0rkBIdjUqNJCH_JQDw,No Comment TV,2024-03-19T08:25:29Z
YzzklDHE3w8,UC7fWeaHhqgM4Ry-RMpM2YYw,TRT World,2024-03-19T10:24:57Z
qJeVhdX-K-w,UChDKyKQ59fYz3JO2fl0Z6sg,TODAY,2024-03-19T12:45:09Z
w9twgc8IWOQ,UCaxIsKnhxr6bfaJFQc67-rg,ShanghaiEye魔都眼,2024-03-19T14:30:21Z
hmBqmwnvE_E,UCP6HGa63sBC7-KHtkme-p-g,USA TODAY,2024-03-19T15:20:29Z
qbGQFk0_QjY,UC7fWeaHhqgM4Ry-RMpM2YYw,TRT World,2024-03-19T17:52:10Z
iaYaKc2TjTk,UCR0fZh5SBxxMNYdg0VzRFkg,Middle East Eye,2024-03-19T19:30:05Z
sV_9x4zxQbw,UCOmSTDSLcH1G3_XUc0GIFcA,ISLAMIC ARABIC ,2024-03-20T03:30:22Z
sZALRaE4YRI,UCZFMm1mMw0F81Z37aaEzTUA,NDTV,2024-03-20T03:51:17Z
nSsNA-LcGqc,UCz8QaiQxApLq8sLNcszYyJw,Firstpost,2024-03-20T06:54:28Z
IDDhLzYrPd8,UCIZJ9a6P_nxCFJTmL0gh_IQ,Al Arabiya English,2024-03-20T12:05:18Z
2pbPOb7Fv3Q,UCR0fZh5SBxxMNYdg0VzRFkg,Middle East Eye,2024-03-20T12:10:29Z
IjISae44t1c,UCPWXiRWZ29zrxPFIQT7eHSA,The Hill,2024-03-20T15:46:16Z
ETAAtWq49qs,UCVW0w8lxTdVczwvr3hZitdA,Preaching for God's Glory,2024-03-20T18:26:02Z
NBvIlIOBIp0,UC2-iT_4P0bcHak4BR3JfaiQ,Short Girl,2024-03-20T18:54:57Z
B8VuTyfgYi0,UC83jt4dlz1Gjl58fzQrrKZg,CNA,2024-03-21T04:18:47Z
h6pggd1Bv30,UC83jt4dlz1Gjl58fzQrrKZg,CNA,2024-03-21T07:58:44Z
UG6upmTc8eY,UCTjDhFuGXlhx9Us0gq0VK2w,The Trump Report,2024-03-21T10:04:41Z
FEtr5516bHI,UCmouT0FDMQC8PH8CbQFdHUw,Today Unpacked,2024-03-21T13:30:14Z
jqDT4g4MQ0g,UCxKM2rM3jUvGlnrsEV8D16A,Theabayagirl016 ,2024-03-21T13:38:01Z
hQ8rmqn1qn4,UCm7lHFkt2yB_WzL67aruVBQ,Hindustan Times,2024-03-21T14:10:00Z
xoDYb851zSI,UChLtXXpo4Ge1ReTEboVvTDg,Global News,2024-03-21T17:32:26Z
fsE_dAJ9gdY,UCL6JHhFijmen87jlh66hc0Q,Your Daily Pods,2024-03-21T23:00:32Z
RNPK5qI61CE,UCOmSTDSLcH1G3_XUc0GIFcA,ISLAMIC ARABIC ,2024-03-22T04:30:10Z
dduWXRiFmyY,UCPgLNge0xqQHWM5B5EFH9Cg,The Telegraph,2024-03-22T10:38:01Z
1gAKdzfLrHg,UCSrZ3UV4jOidv8ppoVuvW9Q,euronews,2024-03-22T10:54:22Z
D61d6eY-lJo,UC5O114-PQNYkurlTg6hekZw,United Nations,2024-03-22T14:33:26Z
bmGXYSnS5ns,UC7pzjfYgR55GCUjvy5T0v1w,News Wave Now,2024-03-22T16:07:31Z
k4RrUZEHjqo,UCmRbHAgG2k2vDUvb3xsEunQ,CNBC-TV18,2024-03-22T16:21:48Z
IglCKnGlVwk,UCxKM2rM3jUvGlnrsEV8D16A,Theabayagirl016 ,2024-03-22T17:38:51Z
T2gQl7JJj0w,UCj0TppyxzQWm9JbMg3CP8Rg,CGTN Europe,2024-03-22T18:02:17Z
PMYw7Mor-Q0,UCs64CXXqq3lIbMvokDh7Oyw,Dekodei News,2024-03-22T18:10:18Z
EfmepfltF_0,UC7fWeaHhqgM4Ry-RMpM2YYw,TRT World,2024-03-22T18:18:26Z
CiTWgoFywgY,UCR0fZh5SBxxMNYdg0VzRFkg,Middle East Eye,2024-03-22T19:45:00Z
U4u20KCRthA,UCg40OxZ1GYh3u3jBntB6DLg,Forbes Breaking News,2024-03-22T21:15:02Z
shXpWjsdgLU,UCeY0bbntWzzVIaj2z3QigXg,NBC News,2024-03-22T21:41:30Z
nFBS9WnZz7E,UCv325WBd65KarK6j75c3sZA,WiseWhispererStories,2024-03-23T02:43:23Z
avhrbw_Af18,UCuHxJSybGSE2EwdaLDVPQcA,Next Frame,2024-03-23T09:20:36Z
J17zqGilyBA,UCQfwfsi5VrQ8yKZ-UWmAEFg,FRANCE 24 English,2024-03-23T10:00:38Z
z0MIs9cGIeo,UC6RJ7-PaXg6TIH2BzZfTV7w,Times Now,2024-03-23T12:16:30Z
vlOzY_suLK0,UCgrNz-aDmcr2uuto8_DL2jg,CGTN,2024-03-23T14:52:25Z
A6_elr075JU,UCWcSyXMg85pnVPlJ_CboKdQ,VIP PALTAN ,2024-03-23T16:33:18Z
x_c5DdYMc7U,UCeXTEsKqsCg4ThX67ErNcvA,Reporter Flash,2024-03-23T21:54:17Z
fYTbG40Bxv0,UC6RJ7-PaXg6TIH2BzZfTV7w,Times Now,2024-03-24T04:50:50Z
z13KNtlpuyQ,UC73783FGvnOfg0HRmKaJGXw,FazaL Talks,2024-03-24T08:34:27Z
fBQdSu1ug3k,UCmouT0FDMQC8PH8CbQFdHUw,Today Unpacked,2024-03-24T13:30:16Z
sQkzZsYxQ4Y,UCFUfTGPAXmndUbz-V7K_faA,Ab Qureshi Vlogs,2024-03-24T16:19:40Z
4pW90d0DvPc,UC5vCwookDYaSy6ACyKaAjNA,IlmFeed,2024-03-25T10:18:46Z
vwoBTPlhryM,UCg7Nj2gvm5rjkjLXKH1fz6A,CARE International UK,2024-03-25T10:44:40Z
vqS_r8M0MSE,UCIZJ9a6P_nxCFJTmL0gh_IQ,Al Arabiya English,2024-03-25T13:15:16Z
rC9nG8Kusi4,UCzuqE7-t13O4NIDYJfakrhw,Democracy Now!,2024-03-25T14:27:13Z
DEaGy6XhJqg,UCNye-wNBqNL5ZzHSJj3l8Bg,Al Jazeera English,2024-03-25T15:45:09Z
RT5HgmgfNaU,UClHsUx6eSxVHqhIRlIRnp9Q,Enjoy Turkey,2024-03-25T15:49:31Z
7T7Aw-ENZyQ,UCNye-wNBqNL5ZzHSJj3l8Bg,Al Jazeera English,2024-03-25T16:11:57Z
-Bnx93VuBf0,UC5O114-PQNYkurlTg6hekZw,United Nations,2024-03-25T17:19:39Z
veFe1akCK44,UCxwK5L40yj6JIufgvtOtuMw,The GenZ Reporter ,2024-03-25T17:28:00Z
hjaFvO01k3Y,UCNye-wNBqNL5ZzHSJj3l8Bg,Al Jazeera English,2024-03-25T18:01:46Z
vQy0q3c7WbI,UCGs-yDFkfHDbeQcApWkTtxg,TV7 Israel News,2024-03-25T19:05:18Z
VtpK2qYKq5Y,UC8p1vwvWtl6T73JiExfWs1g,CBS News,2024-03-25T19:50:37Z
aS5M-wwGINs,UC8p1vwvWtl6T73JiExfWs1g,CBS News,2024-03-25T21:01:42Z
YdhS2TdEeto,UC64A-bbH15b5kN5A32CErOA,10 News,2024-03-26T00:37:20Z
v-joqyUKgjE,UCvi6hEzLM-Z_unKPSuuzKvg,ANC 24/7,2024-03-26T01:48:24Z
xYJ01cxM8Ok,UCYPvAwZP8pZhSMW8qs7cVCw,India Today,2024-03-26T02:52:07Z
HEMS1D_yiag,UCrojf21TD42W5ArkMhDG6yA,Luan TV,2024-03-26T03:30:05Z
KulIDfexako,UCYPvAwZP8pZhSMW8qs7cVCw,India Today,2024-03-26T03:46:29Z
A6BQg9w1_sQ,UCaXkIU1QidjPwiAYu6GcHjg,MS NOW,2024-03-26T05:53:45Z
iLMOh6DmGbA,UCz8QaiQxApLq8sLNcszYyJw,Firstpost,2024-03-26T06:46:06Z
vWxAojt1aBI,UCkvXEz38L2K9e_5Op9hMpWg,World Adventures,2024-03-26T07:00:24Z
xmvSWToQ_GU,UCz8QaiQxApLq8sLNcszYyJw,Firstpost,2024-03-26T08:36:54Z
Gp_luwB7OW0,UCYPvAwZP8pZhSMW8qs7cVCw,India Today,2024-03-26T09:08:15Z
HzLjhgshwRU,UCxUKYWkhDQq2m3E3Ja8Uh6w,Statecraft,2024-03-26T10:05:52Z
0sEV87DCHoI,UC2a35q7eyzkfoIusBzdH4Hw,Newsweek,2024-03-26T11:30:01Z
8fOzou3jcsU,UCTZPHb8W7YXmUoyIIbPA4dw,Simna Computer Shekhpura Tanda,2024-03-26T12:30:04Z
zWxm8_u_bW0,UCNye-wNBqNL5ZzHSJj3l8Bg,Al Jazeera English,2024-03-26T13:04:33Z
2SlIcILHi9M,UC-f7r46JhYv78q5pGrO6ivA,MediaoneTV Live,2024-03-26T13:07:14Z
z-as3rl4dKg,UCNye-wNBqNL5ZzHSJj3l8Bg,Al Jazeera English,2024-03-26T13:37:06Z
d2uHvog05xE,UCkvXEz38L2K9e_5Op9hMpWg,World Adventures,2024-03-26T13:52:06Z
KkdnTrzLU_0,UCFB_7RgBX5lfhfhe01xz4Og,KANAK RAJ,2024-03-26T14:40:00Z
Jvi-rNDIhr0,UCwmK7lGImUYz4pb_z8XJytQ,Lovin Dubai | لوڤن دبي,2024-03-26T16:10:23Z
VXnSLjGAzls,UCOWF2oK605qOVfkCy3we32g,BFBS Forces News,2024-03-26T19:15:01Z
8O9cjVIb6uI,UCL6JHhFijmen87jlh66hc0Q,Your Daily Pods,2024-03-26T23:00:04Z
qDHf_rIcUKI,UCYPvAwZP8pZhSMW8qs7cVCw,India Today,2024-03-27T02:30:55Z
MdiCCAnL7uQ,UCknxoyIoBbFYDubA-ZkouNw,Abbas Hafeez,2024-03-27T04:30:06Z
pIouNcflHd8,UCNye-wNBqNL5ZzHSJj3l8Bg,Al Jazeera English,2024-03-27T04:47:05Z
1W3A3rxIuSA,UCdkr-PsZAKDOEVrcDoBX8mA,MIGLOBE,2024-03-27T09:15:00Z
iLroUebw4jE,UCw8Fc5R0Q5yyS3KrDCPM3xg,Times Now World,2024-03-27T12:48:17Z
GEsi_MymZjs,UC7pzjfYgR55GCUjvy5T0v1w,News Wave Now,2024-03-27T14:15:08Z
mmIU7u5bNYA,UCVYFBB4-6XcHQSaFztb1tZg,Conspiracy Knower ,2024-03-27T14:33:47Z
fI_nhRgvp0g,UC1yBKRuGpC1tSM73A0ZjYjQ,The Young Turks,2024-03-28T01:00:23Z
HPBPGv9NMos,UC6RJ7-PaXg6TIH2BzZfTV7w,Times Now,2024-03-28T05:19:58Z
Vio1nmrm6_o,UCknLrEdhRCp1aegoMqRaCZg,DW News,2024-03-28T14:08:56Z
yBMZ7XzrZkE,UCO0akufu9MOzyz3nvGIXAAw,Sky News Australia,2024-03-28T21:57:12Z
HCP71Eqltvs,UC6RJ7-PaXg6TIH2BzZfTV7w,Times Now,2024-03-29T07:17:05Z
LE-7-OAu8zU,UCGDQNvybfDDeGTf4GtigXaw,DD India,2024-03-29T09:26:57Z
NCN5RCSSzyw,UC7fWeaHhqgM4Ry-RMpM2YYw,TRT World,2024-03-29T14:45:26Z
8p93nrY9SlA,UCR0fZh5SBxxMNYdg0VzRFkg,Middle East Eye,2024-03-29T17:04:33Z
lQzSZ8Sz27Y,UCnEvnIjpVqG3gDfPFPYfB_A,theIMEU,2024-03-29T19:05:41Z
HJIPVBU0TSY,UCR0fZh5SBxxMNYdg0VzRFkg,Middle East Eye,2024-03-29T21:30:10Z
r8lMCj2blo4,UCrSzHfa3wfkZLO6a8_EGyQQ,T-House,2024-03-30T07:47:21Z
14hwkYPJq9o,UCgrNz-aDmcr2uuto8_DL2jg,CGTN,2024-03-30T08:30:33Z
XmLaNn5mAjo,UCbIjGARlEPnNm5YG9uN_eTA,VOICE OF OPPRESSE,2024-03-30T11:33:27Z
Fp-QHzpsjWo,UCeUJFQ0D9qs6aVNyUt9fkeQ,The Armchair Historian,2024-03-30T19:24:54Z
ckHUKDyUtAA,UCJHk7NZyFnyphA_jfdK5rvA,Living Lchaim,2024-03-30T23:45:00Z
SHHNO4rmRW8,UCwF4uuv-MCnO7oz0URthnXw,Habiba,2024-03-31T04:29:21Z
KvsxahuWDqo,UCE4yO3Prv6S5lZSMhT_kI2Q,Soban  Habib official channel,2024-03-31T11:12:41Z
o8ic4Ik_3wA,UC7fWeaHhqgM4Ry-RMpM2YYw,TRT World,2024-03-31T11:36:30Z
x7fpwRLWn20,UCNye-wNBqNL5ZzHSJj3l8Bg,Al Jazeera English,2024-03-31T11:58:12Z
kzlD-T9oLxo,UCm0yTweyAa0PwEIp0l3N_gA,TalkTV,2024-03-31T12:00:49Z
p9h2WwfSLNQ,UC6RJ7-PaXg6TIH2BzZfTV7w,Times Now,2024-03-31T12:08:17Z
k8pN8nImoPg,UCuFFtHWoLl5fauMMD5Ww2jA,CBC News,2024-03-31T19:10:19Z
eMETEWYTVrc,UCAbKpmZxZBs4eMtgE1Da8bQ,Atheist Republic,2024-04-01T10:00:26Z
jpgxueww1pw,UC73H5p3GP8b5N1f3hozIXyQ,TBN Israel,2024-04-01T13:00:41Z
AIeRRTHyq0g,UC3nJ1HctUjgYB2INzxgUc8Q,Oral Buddy -Zaid Mansuri,2024-04-01T13:30:08Z
mfN4La66gnc,UCN7B-QD0Qgn2boVH5Q0pOWg,BBC News Hindi,2024-04-01T17:18:48Z
B9lOu2knXVY,UCgG6NmdsJ47Eh_BhUdbkwLQ,World News,2024-04-01T17:30:03Z
AAIvg-e16Ok,UCJg9wBPyKMNA5sRDnvzmkdg,LiveNOW from FOX,2024-04-01T18:09:41Z
Hw4KEv5UIEs,UCeQPRxkGI6fbozcUdkHrvKg,Islamic Oasis,2024-04-02T00:06:27Z
6YzBVKyChIE,UC5T7D-Dh1eDGtsAFCuwv_Sw,7NEWS Australia,2024-04-02T02:40:11Z
xgwS5QfJxFs,UCoMdktPbSTixAyNGwb-UYkQ,Sky News,2024-04-02T07:13:45Z
0bwqwJoVOQ4,UCN7B-QD0Qgn2boVH5Q0pOWg,BBC News Hindi,2024-04-02T11:30:00Z
CzSSgfYm2AU,UCTe1kPcCH7GpI-bq2kvDqqQ,Tahrir Podcast - بودكاست التحرير,2024-04-02T12:28:26Z
MsgxnbAfTf8,UCBiN4BDW4YVAInlgpSWq7Fg,Radar Africa,2024-04-02T13:00:17Z
9jSLtRUPiKQ,UCVg21PWl0OMptx-xCQDP7Aw,The Conflict ,2024-04-02T14:20:00Z
w2uKDV52GUs,UCBi2mrWuNuyYy4gbM6fU18Q,ABC News,2024-04-02T15:01:00Z
wZsusxeoynE,UCR0fZh5SBxxMNYdg0VzRFkg,Middle East Eye,2024-04-02T18:00:22Z
nyfzHIOKN9k,UCO0akufu9MOzyz3nvGIXAAw,Sky News Australia,2024-04-02T19:03:15Z
ys0NdiPMF3I,UC52X5wxOL_s5yw0dQk7NtgA,Associated Press,2024-04-02T19:32:17Z
glUTFCBo2rg,UC1yBKRuGpC1tSM73A0ZjYjQ,The Young Turks,2024-04-03T01:00:26Z
UPomqJz-qYc,UCqWvXBdgWVvYa1ZdjPl4YaQ,Dr. Phil Primetime,2024-04-03T02:14:00Z
UDlUnSgKpcQ,UCrdPiSPVW0rtRsI002BX8iw,Mojo Story,2024-04-03T10:19:53Z
OAMOPNDyw_o,UCe4wmztyFIxnGz2Edoc8CYQ,SJ GAMING 77,2024-04-03T11:10:12Z
1vVyx6igo5k,UCP6HGa63sBC7-KHtkme-p-g,USA TODAY,2024-04-03T15:43:35Z
GdWmfQ0gNz0,UCnxGkOGNMqQEUMvroOWps6Q,JRE Clips,2024-04-03T17:21:19Z
r5W2p07FfY8,UCVdXBYMAPxfrM_j8wuN4pjw,Wear The Peace,2024-04-03T18:06:55Z
Vq_eqixGYvc,UCBi2mrWuNuyYy4gbM6fU18Q,ABC News,2024-04-04T03:38:39Z
wWVjOmZ31zo,UCm0yTweyAa0PwEIp0l3N_gA,TalkTV,2024-04-04T05:30:24Z
WkC9qHy7M-g,UCNye-wNBqNL5ZzHSJj3l8Bg,Al Jazeera English,2024-04-04T06:57:34Z
dQNueRXcCwc,UCKlqMc-09XZknXO8jsK-15A,BBC Newsround,2024-04-04T09:00:24Z
hBWlZJx5cpE,UCNye-wNBqNL5ZzHSJj3l8Bg,Al Jazeera English,2024-04-04T10:17:25Z
hgaAcj6wn-E,UCNye-wNBqNL5ZzHSJj3l8Bg,Al Jazeera English,2024-04-04T11:09:34Z
Ly_q1F0eEqU,UCWl6ZVke4P2GYpk6eq4BPIQ,"Foreign, Commonwealth and Development Office",2024-04-04T13:39:38Z
Wr0E1jJH1cc,UCef1-8eOpJgud7szVPlZQAQ,CNN-News18,2024-04-04T13:50:49Z
fiLfunRS9P0,UCJHk7NZyFnyphA_jfdK5rvA,Living Lchaim,2024-04-04T14:10:39Z
A6syKjBsoKQ,UC3prwMn9aU2z5Y158ZdGyyA,CRUX,2024-04-04T14:30:03Z
7IrhBlLi6TM,UCtTSYCBRRUStmL2oQLaqbDQ,The New Arab,2024-04-04T14:53:28Z
lRqSwX5lu7c,UCrdPiSPVW0rtRsI002BX8iw,Mojo Story,2024-04-04T15:04:24Z
e1JfFlibzUg,UCNye-wNBqNL5ZzHSJj3l8Bg,Al Jazeera English,2024-04-04T15:45:01Z
HLi7Mjn5-H8,UCO_x9pwrkD_A01xOOrTPMTQ,The Citizen,2024-04-04T16:49:16Z
7Rvs5IWU0A8,UCdB9Kg787GgDgSzIamHgw1w,FAZAIL E ISLAM CHANNEL,2024-04-04T17:32:03Z
C-eHGXSeR48,UCBi2mrWuNuyYy4gbM6fU18Q,ABC News,2024-04-04T18:17:18Z
GF-SyuuXrAA,UCTrQ7HXWRRxr7OsOtodr2_w,Channel 4 News,2024-04-04T18:45:41Z
BCvuBRBP8-w,UCJHk7NZyFnyphA_jfdK5rvA,Living Lchaim,2024-04-04T19:00:04Z
tbUdbIKpUoY,UChqUTb7kYRX8-EiaN3XFrSQ,Reuters,2024-04-04T21:59:41Z
aD5a9cTuPqk,UC-8_qAhNVG8G1wxONMnYr3Q,GZERO Media,2024-04-04T22:48:46Z
8Jou7LkdSa8,UCAeWdyKJXGWmVAXFpgLNNTg,CBS Evening News,2024-04-04T23:48:09Z
C1uH7gTjqeY,UCAeWdyKJXGWmVAXFpgLNNTg,CBS Evening News,2024-04-04T23:49:03Z
ANTD-YcgIdQ,UC64A-bbH15b5kN5A32CErOA,10 News,2024-04-05T00:55:29Z
VPpNYxl4nYU,UCuuTCooIMbBFHNbPcSS70uw,SBS News,2024-04-05T02:46:09Z
1di_pROOSZ8,UCg_nzN_60_LfeAXhlKa8wvA,Everyday Worldview,2024-04-05T07:00:02Z
cNPw8OpVFoc,UCVHTypjbrXH-maZaIkwweJA,KSDK News,2024-04-05T07:56:14Z
PqMzwi5Q5U0,UCzg-LPAHzfPRM7GiDv1Mlbg,Podcast Cuts,2024-04-05T08:56:25Z
Sfh6ulC-7YU,UCGDQNvybfDDeGTf4GtigXaw,DD India,2024-04-05T12:45:03Z
TAkwcW5zSy0,UCef1-8eOpJgud7szVPlZQAQ,CNN-News18,2024-04-05T14:50:25Z
xoym_Emx3q0,UClol_pOTQ1dQDZxlUvRt7JA,शउम (Sshom),2024-04-05T16:55:58Z
tObwSP25cpI,UC3uHWT4a5ek5Zm32ZDPuGpw,Sshom ,2024-04-05T16:56:03Z
ZwrZTIvUiN0,UCP6HGa63sBC7-KHtkme-p-g,USA TODAY,2024-04-05T18:35:44Z
kDEHfgungH0,UC6ZFN9Tx6xh-skXCuRHCDpQ,PBS NewsHour,2024-04-05T21:00:06Z
tqAqWjFV6I8,UCQsFKMPwLstF8beny3osVTw,THE ASEAN DAILY,2024-04-05T21:15:36Z
yJqFv6y7FgA,UCuuTCooIMbBFHNbPcSS70uw,SBS News,2024-04-05T23:25:53Z
PQ-36GfrU4M,UCeY0bbntWzzVIaj2z3QigXg,NBC News,2024-04-05T23:45:00Z
s1rszeGQfzY,UCi7Zk9baY1tvdlgxIML8MXg,CTV News,2024-04-05T23:56:51Z
kzsTFPCYq-g,UCIRjpCf5SXAT2Ws8CTy7etg,"Rutgers Center for Security, Race & Rights",2024-04-06T01:03:16Z
QkI0qPfFJdw,UCSKlJeer9R_crgYBkqsXIFg,Yusuf Alabarda,2024-04-06T10:47:37Z
uiiI1LV9JXQ,UCdFQqCE001KrYONkiJQIapg,AN Khan,2024-04-06T10:57:44Z
81Y2JthrBmU,UCwF4uuv-MCnO7oz0URthnXw,Habiba,2024-04-06T22:29:45Z
sZXtwPSw4Cc,UChLtXXpo4Ge1ReTEboVvTDg,Global News,2024-04-07T01:30:06Z
UOb-Su7Sq7M,UCef1-8eOpJgud7szVPlZQAQ,CNN-News18,2024-04-07T07:34:57Z
_rnNGvJJ6s8,UCOutOIcn_oho8pyVN3Ng-Pg,TV9 Bharatvarsh,2024-04-07T12:27:02Z
o7s-xTAVUq8,UC8BxSGcBKriJvoeyKOnJ6tA,The Washington Examiner,2024-04-07T17:30:10Z
h5Jfv2dzLAo,UCO0akufu9MOzyz3nvGIXAAw,Sky News Australia,2024-04-08T01:54:37Z
6hvhbMf0hzo,UChLtXXpo4Ge1ReTEboVvTDg,Global News,2024-04-08T02:15:00Z
XrnaqYR7BzE,UC5maSolHQX9er0BOxrzjMwA,FOX 7 Austin,2024-04-08T02:51:15Z
YzpFBPwka0s,UCaqFv9hD-XJmPMzC5Yvtneg,The Dispatch,2024-04-08T04:00:30Z
cRkJs8w6UMU,UCtTSYCBRRUStmL2oQLaqbDQ,The New Arab,2024-04-08T15:06:29Z
Td-8waq1160,UCNye-wNBqNL5ZzHSJj3l8Bg,Al Jazeera English,2024-04-08T17:05:12Z
pMm_xcIQ9qM,UCN7B-QD0Qgn2boVH5Q0pOWg,BBC News Hindi,2024-04-08T17:39:47Z
vuGknBNhlKk,UCfmkz6A3aTJwJzox2xhAuRw,WRAL,2024-04-08T17:46:51Z
q0CxfSXgAyk,UCPgLNge0xqQHWM5B5EFH9Cg,The Telegraph,2024-04-08T17:50:42Z
SXOq_68r6Bc,UCz8QaiQxApLq8sLNcszYyJw,Firstpost,2024-04-08T17:56:24Z
8Jzmru_cwOw,UChLtXXpo4Ge1ReTEboVvTDg,Global News,2024-04-08T19:30:00Z
NQwZgB_hl-w,UC6ZFN9Tx6xh-skXCuRHCDpQ,PBS NewsHour,2024-04-08T22:19:11Z
3Mz6TZnK47w,UCtgSVsATOoyfj5xpb-Gm0hA,AIJAC,2024-04-09T00:31:57Z
yu16xKVWypA,UC1yBKRuGpC1tSM73A0ZjYjQ,The Young Turks,2024-04-09T01:30:26Z
-eASfHke5kI,UCmRbHAgG2k2vDUvb3xsEunQ,CNBC-TV18,2024-04-09T04:29:20Z
mH_6F_ASJE0,UCwqusr8YDwM-3mEYTDeJHzw,Republic World,2024-04-09T04:37:59Z
r-wtSlw4skY,UCN7B-QD0Qgn2boVH5Q0pOWg,BBC News Hindi,2024-04-09T06:42:23Z
a68HYoR-NvE,UCMtFAi84ehTSYSE9XoHefig,The Late Show with Stephen Colbert,2024-04-09T07:35:00Z
9GOpJgsTjpM,UCtFQDgA8J8_iiwc5-KoAQlg,ANI News,2024-04-09T08:32:51Z
zgU0Ax-BnDk,UC_gUM8rL-Lrg6O3adPW9K1g,WION,2024-04-09T11:01:00Z
s-I57hHuKfw,UC3prwMn9aU2z5Y158ZdGyyA,CRUX,2024-04-09T11:31:00Z
3XiHu8LQRYk,UCXSfnmhanpMJeLMzMGol4mg,Stage of Islam yt,2024-04-09T17:49:45Z
ujxkfv6hSQE,UCaXkIU1QidjPwiAYu6GcHjg,MS NOW,2024-04-09T19:08:23Z
ZY_xP3RSb3w,UC2x_qNZXKDxNP1j4jvHATRQ,Face the Nation,2024-04-09T22:07:42Z
OChehay9gII,UCz8QaiQxApLq8sLNcszYyJw,Firstpost,2024-04-10T00:30:10Z
OlwLE0Vhzdk,UCNye-wNBqNL5ZzHSJj3l8Bg,Al Jazeera English,2024-04-10T08:56:35Z
-mxfnya3ZRc,UCeRYN0tYBQVrC2cKsxJjdow,Double Down News,2024-04-10T10:10:08Z
pIW-WAmvLgY,UCNye-wNBqNL5ZzHSJj3l8Bg,Al Jazeera English,2024-04-10T10:15:47Z
dHvoymnAIv0,UCOWF2oK605qOVfkCy3we32g,BFBS Forces News,2024-04-10T14:15:02Z
365xI9u6GUk,UC16niRr50-MSBwiO3YDb3RA,BBC News,2024-04-10T18:57:04Z
PYvQ4L7KXo0,UCXN-2feOwCeCpKefUhVyOYQ,American Me Podcast ,2024-04-11T00:48:23Z
CuR3BfpAqpw,UCTrQ7HXWRRxr7OsOtodr2_w,Channel 4 News,2024-04-11T06:30:03Z
EgllJyR2ciw,UCIZJ9a6P_nxCFJTmL0gh_IQ,Al Arabiya English,2024-04-11T07:36:53Z
tVaEIhfyBo4,UCm7lHFkt2yB_WzL67aruVBQ,Hindustan Times,2024-04-11T08:37:19Z
S_JWOUlqzxU,UCKlqMc-09XZknXO8jsK-15A,BBC Newsround,2024-04-11T09:00:31Z
ZpTJSldcMCs,UCN7B-QD0Qgn2boVH5Q0pOWg,BBC News Hindi,2024-04-11T13:19:10Z
jlMt-ncz_Y8,UC_1nzv8SIyjnYq0zhWiULtg,Ishfaq Horra Official,2024-04-11T13:21:51Z
B8HhQoOH0uw,UCNKomgId0-uTA-vVLM9v1pw,Intereconomía,2024-04-11T15:00:10Z
W9ese6BGmvI,UCYQkkkVWJXlIAUZlLB-zjBA,Visegrad24,2024-04-11T15:14:54Z
qbBwTrZGv8E,UCD8YGIxFCnVqv-ZGqgtVWAg,Erick Stakelbeck on TBN,2024-04-11T22:45:45Z
wfTgTgY2J1Y,UCIZJ9a6P_nxCFJTmL0gh_IQ,Al Arabiya English,2024-04-12T09:40:03Z
RuQdXA2v7Sg,UC7fWeaHhqgM4Ry-RMpM2YYw,TRT World,2024-04-12T11:15:30Z
uan68U5AiH4,UC1VBOObpFMoqduxFdzJrnvA,Tribun Jogja Official,2024-04-12T14:00:52Z
p6-GvTntnl8,UCYQkkkVWJXlIAUZlLB-zjBA,Visegrad24,2024-04-12T17:13:43Z
LOVSDf29MJI,UC3prwMn9aU2z5Y158ZdGyyA,CRUX,2024-04-13T00:17:26Z
eExy9yhV0EU,UCwF4uuv-MCnO7oz0URthnXw,Habiba,2024-04-13T06:03:40Z
LimqB6hhB1A,UCSLRw3tMwGI5lYMcV0bZZ5Q,Umme Hafsa Kitchen ,2024-04-13T15:44:39Z
kZnRSncPw0M,UCfaIu2jO-fppCQV_lchCRIQ,Charlie Kirk,2024-04-13T17:00:17Z
RsDFFZdNOlk,UCjuMTWhjHecMTVy4_EPCcHg,Phil News Today,2024-04-13T18:02:40Z
jzkoyb-U_ms,UCP6HGa63sBC7-KHtkme-p-g,USA TODAY,2024-04-15T13:36:02Z
OJaJn5yTyTg,UChirEOpgFCupRAk5etXqPaA,Bloomberg News,2024-04-15T18:00:18Z
308wWAgT_9Y,UCcpCOG01G82k2-ZVl3I17mQ,Alan Brown MP,2024-04-16T15:03:50Z
4L4ckAW59V4,UCkWmEqVJVDpkOzubMWI1vww,Arbaz Khan,2024-04-16T15:48:10Z
zSXmOba4wMU,UCNye-wNBqNL5ZzHSJj3l8Bg,Al Jazeera English,2024-04-16T17:30:05Z
y40_Tbubbew,UCeo_C70miHEJDp7T_WELURw,The Israel Guys,2024-04-16T18:06:29Z
4laAmKLLYNY,UCwF4uuv-MCnO7oz0URthnXw,Habiba,2024-04-17T04:04:03Z
LHOvOCMGVOE,UCwF4uuv-MCnO7oz0URthnXw,Habiba,2024-04-17T06:17:40Z
NP6K0sTfI9Y,UCBZszl2up4OYwmlophufLOw,News Widely,2024-04-17T12:12:05Z
tIoV4_F2hw0,UCeo_C70miHEJDp7T_WELURw,The Israel Guys,2024-04-17T17:26:34Z
V6UwO5mo0Qg,UCAFKK8R_81qUvhPdjF-52nA,ISPI Podcasts,2024-04-18T02:04:21Z
RDlxYo3EKzs,UCkSllUpc8cedRe85JkqLiBQ,Salaam TV,2024-04-18T06:22:43Z
iDOPq83oTNQ,UCa1_vNx2yAQzFnQWNajUHtg,The CJ Werleman Show,2024-04-18T06:34:34Z
1Gz9QigX6kM,UCR0fZh5SBxxMNYdg0VzRFkg,Middle East Eye,2024-04-18T15:28:10Z
ZQys2Y3baMo,UCJHk7NZyFnyphA_jfdK5rvA,Living Lchaim,2024-04-18T17:59:23Z
UAJiLkngmwM,UCxljNtSudKC5kOA6whYkiuA,Real Asia Vision,2024-04-19T01:15:01Z
cfb3V_6zaFA,UCmouT0FDMQC8PH8CbQFdHUw,Today Unpacked,2024-04-19T12:30:22Z
bX-SnlmRYn0,UCD8YGIxFCnVqv-ZGqgtVWAg,Erick Stakelbeck on TBN,2024-04-19T22:35:03Z
4GZ6hew_0Z8,UCzN_XjQyjMBRmfz3YgTXl3Q,Best Top10,2024-04-20T01:00:01Z
0P76E59EMpQ,UCSrZ3UV4jOidv8ppoVuvW9Q,euronews,2024-04-20T07:40:24Z
WDQ_k0MiXUs,UCJX8Wn6opMsBng3QWh0dK6g,Middle East Monitor,2024-04-20T13:49:28Z
gbIMFHXScbs,UCckHqySbfy5FcPP6MD_S-Yg,Times Of India,2024-04-20T14:13:58Z
4hhQ68lhx98,UCR0fZh5SBxxMNYdg0VzRFkg,Middle East Eye,2024-04-20T14:17:59Z
WVzm2-TBtYI,UC0yLX6hpcYhAU3iVjhwD5-A,TRT Afrika,2024-04-20T18:00:13Z
VHjk6eL_-5w,UCQfwfsi5VrQ8yKZ-UWmAEFg,FRANCE 24 English,2024-04-21T09:15:45Z
DTZCycDOYPM,UCV3Nm3T-XAgVhKH9jT0ViRg,AJ+,2024-04-21T13:00:15Z
7K0EDjxyqRc,UCef1-8eOpJgud7szVPlZQAQ,CNN-News18,2024-04-21T16:30:42Z
CgM8iS7kstw,UCUmUXLkoEYuMkKmks68wlNw,Q+A with Jack Tame,2024-04-22T02:13:16Z
qfk_RHOzTCQ,UCNye-wNBqNL5ZzHSJj3l8Bg,Al Jazeera English,2024-04-22T09:13:20Z
tYfyLdf4e2I,UCnyCrv8b7bu0oWFXGyHaPzg,TRT World Now,2024-04-22T10:58:23Z
_mwyv8krjMM,UCknLrEdhRCp1aegoMqRaCZg,DW News,2024-04-22T12:15:02Z
qQUq12v23QM,UCgp4A6I8LCWrhUzn-5SbKvA,TVC News Nigeria,2024-04-22T12:26:11Z
lQZRzTk0JKQ,UCXKfR4_mJlcpveUxD0Jqz7g,Eon Podcast,2024-04-22T12:47:02Z
vmwdCUS90hA,UC_gUM8rL-Lrg6O3adPW9K1g,WION,2024-04-22T14:57:49Z
2mP0cwrdkb8,UCwF4uuv-MCnO7oz0URthnXw,Habiba,2024-04-22T16:07:25Z
Cho0NZ9Dc-Q,UCEwDrwcECrnEII_IWsZ30HA,International Channel Shanghai,2024-04-22T19:00:07Z
DxxxmdeQmCQ,UCwF4uuv-MCnO7oz0URthnXw,Habiba,2024-04-23T11:11:13Z
A68TYfyqHFs,UCJg9wBPyKMNA5sRDnvzmkdg,LiveNOW from FOX,2024-04-23T13:18:39Z
Le6wyvnuLW4,UCR0fZh5SBxxMNYdg0VzRFkg,Middle East Eye,2024-04-23T13:48:11Z
Aa-VDAjL8vM,UCTrQ7HXWRRxr7OsOtodr2_w,Channel 4 News,2024-04-23T19:27:49Z
_Lrg-KB08cU,UCknLrEdhRCp1aegoMqRaCZg,DW News,2024-04-23T21:00:18Z
mgPRPyASzn0,UCckHqySbfy5FcPP6MD_S-Yg,Times Of India,2024-04-24T02:30:22Z
Wb0jC-C-o78,UCF8HUTbUwPKh2Q-KpGOCVGw,CNBC International Live,2024-04-24T08:00:17Z
NVL1ew9v_34,UCVg21PWl0OMptx-xCQDP7Aw,The Conflict ,2024-04-24T13:45:01Z
jSLpJjZ84O0,UC83jt4dlz1Gjl58fzQrrKZg,CNA,2024-04-24T14:40:29Z
EbRADz6a7ks,UCGs-yDFkfHDbeQcApWkTtxg,TV7 Israel News,2024-04-24T18:00:07Z
YPBr2E9wGiU,UCNbIDJNNgaRrXOD7VllIMRQ,One America News Network,2024-04-24T22:10:50Z
_W5rqgBEFYo,UCknLrEdhRCp1aegoMqRaCZg,DW News,2024-04-24T23:00:16Z
VqCps7rwmIM,UC3vHW2h22WE-pNi5WJtRIjg,Yaqeen Institute,2024-04-25T01:00:07Z
dF7ga8SOZHE,UCk-59tzCEMOwwpVg5N516dA,It is not Islam-ic! ,2024-04-25T02:11:58Z
PaR81BTeYak,UCm7lHFkt2yB_WzL67aruVBQ,Hindustan Times,2024-04-25T11:03:52Z
cQAJxjg6TsM,UCwuHC-w3-yLICuGNOf0rgKw,OG Contra Band,2024-04-25T13:02:08Z
iuwOqSNOiCY,UCBjUPsHj7bXt24SUWNoZ0zA,TVP WORLD,2024-04-25T15:04:49Z
3eOy6t0cX7c,UCfIjR00qhYUFkbWIugAAbGg,ABC 7 News - WJLA,2024-04-25T16:16:49Z
qxmhHE84Yew,UC16niRr50-MSBwiO3YDb3RA,BBC News,2024-04-25T16:17:51Z
0EMhR4YilXQ,UC_gUM8rL-Lrg6O3adPW9K1g,WION,2024-04-25T16:22:00Z
7p-hRlxDWJo,UC_gUM8rL-Lrg6O3adPW9K1g,WION,2024-04-25T17:52:21Z
UZaGrJabFKQ,UCYI_ychRnL7sJrG6PUSBpQA,CBN News,2024-04-25T18:24:27Z
3wzuHc8N9fI,UC_gUM8rL-Lrg6O3adPW9K1g,WION,2024-04-25T18:50:29Z
dYGYPuvRu38,UCknLrEdhRCp1aegoMqRaCZg,DW News,2024-04-26T03:05:51Z
ZqRVs7k-h0A,UCHvjTBq6GCaGgEsTpJa0WxQ,The Saqib's Journey 🏍️,2024-04-26T06:34:29Z
H31gMts5w40,UCN7B-QD0Qgn2boVH5Q0pOWg,BBC News Hindi,2024-04-26T12:50:55Z
z3PjL3V4tCI,UCwF4uuv-MCnO7oz0URthnXw,Habiba,2024-04-26T13:46:42Z
Ze_eSLibPlI,UCuuTCooIMbBFHNbPcSS70uw,SBS News,2024-04-27T00:19:32Z
0QVgKrm0BhA,UCVgO39Bk5sMo66-6o6Spn6Q,ABC News (Australia),2024-04-27T11:00:01Z
S9NsQujIS_8,UCLWP_kE_7bNmZc95WP1OyKA,Fearless Men,2024-04-27T19:25:59Z
5NDlfv5zmiA,UCckHqySbfy5FcPP6MD_S-Yg,Times Of India,2024-04-28T03:15:00Z
y0buJHJ3AeI,UCN7B-QD0Qgn2boVH5Q0pOWg,BBC News Hindi,2024-04-28T08:22:32Z
et3XvdBhfuQ,UCNye-wNBqNL5ZzHSJj3l8Bg,Al Jazeera English,2024-04-28T08:27:16Z
Ibnxfi9rSEg,UCpZBvTbjam0yTrD4HUUWTZw,Oneindia Tamil,2024-04-28T08:30:05Z
8gaScSIZkm0,UCz8QaiQxApLq8sLNcszYyJw,Firstpost,2024-04-28T12:37:49Z
5N8J9AY1oYQ,UCNye-wNBqNL5ZzHSJj3l8Bg,Al Jazeera English,2024-04-28T14:00:04Z
vUpMWlLOH1I,UCz8QaiQxApLq8sLNcszYyJw,Firstpost,2024-04-28T14:27:14Z
O-ylFNIg9sQ,UCVgO39Bk5sMo66-6o6Spn6Q,ABC News (Australia),2024-04-28T21:35:45Z
-THmw4p0efk,UCHzHMsdGG7JE5tpu7X4N0wg,The Updater,2024-04-29T02:00:00Z
QYwDs-k5pOM,UCIYLOcEUX6TbBo7HQVF2PKA,9 News Australia,2024-04-29T09:43:25Z
rZUjjQTZORs,UCBZszl2up4OYwmlophufLOw,News Widely,2024-04-29T10:16:41Z
uLFc9pQXX38,UCS8y4TkPHvBKEDEwtqnB8gA,Agenda 247 News,2024-04-29T10:30:27Z
4qcorSf-JAk,UC82Y0d4FjRgRLQY2ETkgLBg,Round The World In 59 Second,2024-04-29T12:07:05Z
Nq4qd_WmO6A,UCTrQ7HXWRRxr7OsOtodr2_w,Channel 4 News,2024-04-29T12:16:11Z
VIgASGAJxDQ,UCz8QaiQxApLq8sLNcszYyJw,Firstpost,2024-04-29T12:27:03Z
uOOrRo5g7g4,UCef1-8eOpJgud7szVPlZQAQ,CNN-News18,2024-04-29T12:51:43Z
bWgd5C2z1Nc,UCl8wUKzoUVzg7U6ky1ZR8hQ,Navbharat Times नवभारत टाइम्स,2024-04-29T13:15:07Z
YJZZ0gdd1xg,UCu9Fj9QRAg26ZY9DhF8HSrQ,DD Urdu,2024-04-29T15:01:23Z
YaMsWwKnGek,UC3prwMn9aU2z5Y158ZdGyyA,CRUX,2024-04-29T16:00:33Z
HnCVssGqaQw,UCRTkW2TMw344eC562GSK1nA,LIFE For Relief & Development,2024-04-29T16:03:19Z
nuqsOugaR2E,UCHTK-2W11Vh1V4uwofOfR4w,AP Archive,2024-04-29T16:11:35Z
K7Iw23KIzaY,UCGs-yDFkfHDbeQcApWkTtxg,TV7 Israel News,2024-04-29T18:00:09Z
fvE6d7qn2d4,UCP6HGa63sBC7-KHtkme-p-g,USA TODAY,2024-04-29T18:52:00Z
NN984Mjxheg,UCeH6qE4V7n5tVwP7NkdrtJg,The View,2024-04-29T20:44:28Z
M-Oq2vvcx9M,UCBi2mrWuNuyYy4gbM6fU18Q,ABC News,2024-04-30T00:31:25Z
37K-WUltv3s,UCz8QaiQxApLq8sLNcszYyJw,Firstpost,2024-04-30T04:56:55Z
UlcY7RF_gDY,UCNye-wNBqNL5ZzHSJj3l8Bg,Al Jazeera English,2024-04-30T13:45:02Z
dZ1acORb97o,UCwF4uuv-MCnO7oz0URthnXw,Habiba,2024-04-30T14:46:43Z
rRf8xoyBeNM,UCwcH94eG9YYAn1G2nfw3j-w,KADAK,2024-04-30T15:40:36Z
g1RrpPc3HFI,UC8p1vwvWtl6T73JiExfWs1g,CBS News,2024-05-01T00:30:43Z
rnbi5n-B3TA,UCph-M7aQqpi1fW0BQwn7XUA,Anadolu English,2024-05-01T10:26:09Z
oqopXI4uK4c,UC3prwMn9aU2z5Y158ZdGyyA,CRUX,2024-05-01T12:30:36Z
eUTJeAXm1OE,UC8p1vwvWtl6T73JiExfWs1g,CBS News,2024-05-01T15:26:23Z
x9held1X3Xk,UCz8QaiQxApLq8sLNcszYyJw,Firstpost,2024-05-01T15:32:56Z
6ppHeyY73a8,UCNye-wNBqNL5ZzHSJj3l8Bg,Al Jazeera English,2024-05-01T17:30:01Z
Uu8LtyWSftU,UC52X5wxOL_s5yw0dQk7NtgA,Associated Press,2024-05-02T03:49:36Z
0a6a1qYVWZI,UCNye-wNBqNL5ZzHSJj3l8Bg,Al Jazeera English,2024-05-02T07:28:56Z
pvI9GEQe-LM,UCQfwfsi5VrQ8yKZ-UWmAEFg,FRANCE 24 English,2024-05-02T09:16:27Z
WXWYwWYTBEM,UCNye-wNBqNL5ZzHSJj3l8Bg,Al Jazeera English,2024-05-02T10:20:25Z
zn1Q8O6P2HY,UCm7lHFkt2yB_WzL67aruVBQ,Hindustan Times,2024-05-02T12:12:40Z
WtzNvmfE6cc,UCm7lHFkt2yB_WzL67aruVBQ,Hindustan Times,2024-05-02T12:15:10Z
F7rm_HkjHpg,UCm7lHFkt2yB_WzL67aruVBQ,Hindustan Times,2024-05-02T14:45:00Z
6DKGhEvyLdQ,UCef1-8eOpJgud7szVPlZQAQ,CNN-News18,2024-05-03T09:52:21Z
QaIg9KpYvgM,UCm7lHFkt2yB_WzL67aruVBQ,Hindustan Times,2024-05-03T10:58:16Z
wRO2dt9q5sA,UCxi_vb9H4d-uD0j66byRfOQ,Politics Matters,2024-05-03T12:30:51Z
AXUFhA4Ik9k,UCNye-wNBqNL5ZzHSJj3l8Bg,Al Jazeera English,2024-05-03T16:18:06Z
wg_Jr46nMaU,UCwF4uuv-MCnO7oz0URthnXw,Habiba,2024-05-03T16:51:09Z
gQsuuisKr48,UC5maSolHQX9er0BOxrzjMwA,FOX 7 Austin,2024-05-03T23:06:57Z
CcPBahAvpuA,UC2s0uKOc2WgB9eGta7cUUEA,Washington Week PBS,2024-05-04T00:46:49Z
tqiTcBA06n0,UCaXkIU1QidjPwiAYu6GcHjg,MS NOW,2024-05-04T01:07:20Z
V41bzge42RI,UCzhnIpx0wDAM_7NnATSAREA,FreeLittleFish 阿魚也移民 ,2024-05-04T01:45:02Z
8QQuclBDkpw,UCrC8mOqJQpoB7NuIMKIS6rQ,StudyIQ IAS,2024-05-04T03:33:35Z
g15fVi19vqM,UCttDPuZfDWwOmC5OU-Dsc9g,KhalsaAid videos,2024-05-04T05:55:20Z
G3EmpZz31hU,UCNye-wNBqNL5ZzHSJj3l8Bg,Al Jazeera English,2024-05-04T09:55:50Z
9Ge1m38mLWk,UCJEaeowO0TOdZ9ukLqUR1DQ,Current News ,2024-05-04T10:28:23Z
zsQ_vcwX4mg,UCqTa3sNT6SfiQ2DQK_kuWlA,Oneindia News,2024-05-04T11:24:13Z
TMkhA0pRWa8,UCBIhJrencXiVxik_sFtIFng,NEWS MIRROR,2024-05-04T11:28:08Z
D-I_GfF4O_k,UCm7lHFkt2yB_WzL67aruVBQ,Hindustan Times,2024-05-04T12:22:42Z
qRU-GbLe6aY,UCQfwfsi5VrQ8yKZ-UWmAEFg,FRANCE 24 English,2024-05-04T14:04:34Z
sXd9mfaXPik,UCZMsvbAhhRblVGXmEXW8TSA,WELT Nachrichtensender,2024-05-04T15:41:15Z
vRHcEWl_aIE,UCgKjHnMbrOK8xLzAwHO0aSg,govsg,2024-05-05T02:43:06Z
ZJH-bhwPH1Q,UChLtXXpo4Ge1ReTEboVvTDg,Global News,2024-05-05T02:45:02Z
iOSMdSYZtMw,UCxcrzzhQDj5zKJbXfIscCtg,ABC News In-depth,2024-05-05T08:30:11Z
Hvjm1c0vquU,UCIZJ9a6P_nxCFJTmL0gh_IQ,Al Arabiya English,2024-05-05T15:30:13Z
iqGE1y2cdn8,UCPgLNge0xqQHWM5B5EFH9Cg,The Telegraph,2024-05-05T16:11:59Z
Lmquk6eMtkw,UChDKyKQ59fYz3JO2fl0Z6sg,TODAY,2024-05-05T18:00:09Z
vPHsWuL3WVo,UCNye-wNBqNL5ZzHSJj3l8Bg,Al Jazeera English,2024-05-06T03:43:51Z
-747P8QOmag,UC73783FGvnOfg0HRmKaJGXw,FazaL Talks,2024-05-06T06:34:43Z
VlBvfb7bziY,UCm7lHFkt2yB_WzL67aruVBQ,Hindustan Times,2024-05-06T07:05:00Z
OKm63kk00FQ,UCNye-wNBqNL5ZzHSJj3l8Bg,Al Jazeera English,2024-05-06T08:07:18Z
hT9yW-_mqug,UCO0akufu9MOzyz3nvGIXAAw,Sky News Australia,2024-05-06T08:24:23Z
obtTFuyXkEg,UC8uNyvmvl_q1ORXP3E1SjMA,Global Order,2024-05-06T12:38:11Z
Thk96KK1eHM,UCwcH94eG9YYAn1G2nfw3j-w,KADAK,2024-05-06T12:45:51Z
W1X4CF30te0,UCKt7TllYnUsCkocpzeX7Tfw,StratNewsGlobal,2024-05-06T15:00:07Z
iOoAC14Fuao,UC_gUM8rL-Lrg6O3adPW9K1g,WION,2024-05-06T16:25:36Z
jxgNVYCXi8E,UCz8QaiQxApLq8sLNcszYyJw,Firstpost,2024-05-06T17:11:00Z
cw6nsTvKQu8,UC_gUM8rL-Lrg6O3adPW9K1g,WION,2024-05-06T17:16:27Z
o6NtiY0Zg7U,UC16niRr50-MSBwiO3YDb3RA,BBC News,2024-05-06T17:45:01Z
Y6JhRzQgt28,UCHLqIOMPk20w-6cFgkA90jw,Channel 24,2024-05-06T19:41:33Z
slssHWpr-Lo,UCD8YGIxFCnVqv-ZGqgtVWAg,Erick Stakelbeck on TBN,2024-05-06T22:05:20Z
lfSy4rJcpEQ,UC16niRr50-MSBwiO3YDb3RA,BBC News,2024-05-06T22:14:18Z
wmXTtZa6s1E,UCOTypwjwWSsaQ7zLRnJghdw,GreenRevolutionaries-lifestyle,2024-05-06T22:55:39Z
99qzOPO8Rs8,UCz8QaiQxApLq8sLNcszYyJw,Firstpost,2024-05-07T07:00:39Z
dMZYTTaXfzI,UCm7lHFkt2yB_WzL67aruVBQ,Hindustan Times,2024-05-07T07:12:17Z
fFzDlsksqSU,UCN7B-QD0Qgn2boVH5Q0pOWg,BBC News Hindi,2024-05-07T07:22:43Z
QGICdIS_d9E,UCXSfnmhanpMJeLMzMGol4mg,Stage of Islam yt,2024-05-07T09:43:56Z
a5DmrH1jqUM,UCm0yTweyAa0PwEIp0l3N_gA,TalkTV,2024-05-07T11:15:00Z
PcPXue6YHVk,UCp3X0jlo8EtthOu9DxrRtlw,David Tafuri,2024-05-07T11:18:43Z
VkOJNUdPLtA,UCb1Ti1WKPauPpXkYKVHNpsw,LBC,2024-05-07T11:59:54Z
giDhwu9mONc,UCeY0bbntWzzVIaj2z3QigXg,NBC News,2024-05-07T13:00:39Z
mr37QO8YjDY,UCLKnpqUbj1dLjusGfr_TXvw,Arab Ambience | أجواء العرب,2024-05-07T13:00:53Z
HfZRXX5jMoI,UCF-VP3b3oH0XASqsLI5rnLw,Times News,2024-05-07T14:26:47Z
bxLSmGRjhDY,UCz8omIXCPabFEgblrC_VIfA,Daily Express,2024-05-07T15:00:29Z
P6YRMA36fG8,UCvm8V4Dwtz0fbPGbpk7RYAg,BBC News اردو,2024-05-07T17:00:30Z
dwTV5hoc3hc,UCNye-wNBqNL5ZzHSJj3l8Bg,Al Jazeera English,2024-05-07T18:52:49Z
5LNKZyIYBE8,UCTrQ7HXWRRxr7OsOtodr2_w,Channel 4 News,2024-05-07T18:55:20Z
xGqYbXL3kZc,UCLXo7UDZvByw2ixzpQCufnA,Vox,2024-05-07T19:12:35Z
u98ggB54RHM,UCfaIu2jO-fppCQV_lchCRIQ,Charlie Kirk,2024-05-07T20:17:32Z
6xg-2s-cfTc,UC73H5p3GP8b5N1f3hozIXyQ,TBN Israel,2024-05-07T21:15:07Z
